00176480_nohash_0|one
004ae714_nohash_0|one
00f0204f_nohash_0|one
0132a06d_nohash_0|one
0132a06d_nohash_1|one
0132a06d_nohash_2|one
0132a06d_nohash_3|one
0132a06d_nohash_4|one
0135f3f2_nohash_0|one
0135f3f2_nohash_1|one
0137b3f4_nohash_0|one
0137b3f4_nohash_1|one
0137b3f4_nohash_2|one
0137b3f4_nohash_3|one
01648c51_nohash_0|one
016e2c6d_nohash_0|one
017c4098_nohash_0|one
017c4098_nohash_1|one
017c4098_nohash_2|one
017c4098_nohash_3|one
019fa366_nohash_0|one
019fa366_nohash_1|one
01b4757a_nohash_0|one
01bb6a2a_nohash_0|one
01bb6a2a_nohash_1|one
01bb6a2a_nohash_2|one
01d22d03_nohash_0|one
022cd682_nohash_0|one
022cd682_nohash_1|one
023808be_nohash_0|one
02583d36_nohash_0|one
026290a7_nohash_0|one
026290a7_nohash_1|one
02746d24_nohash_0|one
02746d24_nohash_1|one
02ade946_nohash_0|one
02ade946_nohash_1|one
02ade946_nohash_2|one
02ade946_nohash_3|one
02e85b60_nohash_0|one
02e85b60_nohash_1|one
030ec18b_nohash_0|one
03401e93_nohash_0|one
03401e93_nohash_1|one
03431e13_nohash_0|one
035de8fe_nohash_0|one
037c445a_nohash_0|one
03c96658_nohash_0|one
042186b8_nohash_0|one
042a8dde_nohash_0|one
042a8dde_nohash_1|one
042a8dde_nohash_2|one
042ea76c_nohash_0|one
0474c92a_nohash_0|one
0487ba9b_nohash_0|one
0487ba9b_nohash_1|one
050170cb_nohash_0|one
050170cb_nohash_1|one
050170cb_nohash_2|one
050170cb_nohash_3|one
0547aa66_nohash_0|one
0585b66d_nohash_0|one
0585b66d_nohash_1|one
0585b66d_nohash_2|one
0585b66d_nohash_3|one
05b2db80_nohash_0|one
05b2db80_nohash_1|one
05cf43ef_nohash_0|one
05cf43ef_nohash_1|one
05cf43ef_nohash_2|one
05d18852_nohash_0|one
0616de09_nohash_0|one
061a5915_nohash_0|one
063d48cf_nohash_0|one
067f61e2_nohash_0|one
067f61e2_nohash_1|one
067f61e2_nohash_2|one
067f61e2_nohash_3|one
067f61e2_nohash_4|one
069ab0d5_nohash_0|one
06a79a03_nohash_0|one
06f6c194_nohash_0|one
06f6c194_nohash_1|one
06f6c194_nohash_2|one
06f6c194_nohash_3|one
06f6c194_nohash_4|one
07089da9_nohash_0|one
07089da9_nohash_1|one
07089da9_nohash_2|one
07089da9_nohash_3|one
07089da9_nohash_4|one
070b49af_nohash_0|one
070b49af_nohash_1|one
0717b9f6_nohash_0|one
0717b9f6_nohash_1|one
0717b9f6_nohash_2|one
0717b9f6_nohash_3|one
079d1020_nohash_0|one
079d1020_nohash_1|one
079dfce3_nohash_0|one
07ad9b59_nohash_0|one
07ad9b59_nohash_1|one
07ad9b59_nohash_2|one
07c5129e_nohash_0|one
0819edb0_nohash_0|one
0819edb0_nohash_1|one
08ab231c_nohash_0|one
08ab231c_nohash_1|one
08ab231c_nohash_2|one
08ab231c_nohash_3|one
08ab231c_nohash_4|one
08ab8082_nohash_0|one
08ab8082_nohash_1|one
0943c746_nohash_0|one
0943c746_nohash_1|one
095847e4_nohash_0|one
099d52ad_nohash_0|one
099d52ad_nohash_1|one
099d52ad_nohash_2|one
09bcdc9d_nohash_0|one
09bcdc9d_nohash_1|one
09bcdc9d_nohash_2|one
09bcdc9d_nohash_3|one
09bcdc9d_nohash_4|one
09bcdc9d_nohash_5|one
09ddc105_nohash_0|one
0a196374_nohash_0|one
0a196374_nohash_1|one
0a196374_nohash_2|one
0a196374_nohash_3|one
0a196374_nohash_4|one
0a2b400e_nohash_0|one
0a2b400e_nohash_1|one
0a2b400e_nohash_2|one
0a2b400e_nohash_3|one
0a2b400e_nohash_4|one
0a5636ca_nohash_0|one
0a7c2a8d_nohash_0|one
0aad3227_nohash_0|one
0b09edd3_nohash_0|one
0b40aa8e_nohash_0|one
0b40aa8e_nohash_1|one
0b56bcfe_nohash_0|one
0b56bcfe_nohash_1|one
0b77ee66_nohash_0|one
0b7ee1a0_nohash_0|one
0b7ee1a0_nohash_1|one
0b7ee1a0_nohash_2|one
0ba018fc_nohash_0|one
0ba018fc_nohash_1|one
0ba018fc_nohash_2|one
0ba018fc_nohash_3|one
0ba018fc_nohash_4|one
0bd689d7_nohash_0|one
0bd689d7_nohash_1|one
0bde966a_nohash_0|one
0c40e715_nohash_0|one
0c5027de_nohash_0|one
0cb74144_nohash_0|one
0cb74144_nohash_1|one
0cb74144_nohash_2|one
0cb74144_nohash_3|one
0cd323ec_nohash_0|one
0d53e045_nohash_0|one
0d6d7360_nohash_0|one
0d6d7360_nohash_1|one
0d6d7360_nohash_2|one
0d6d7360_nohash_3|one
0d6d7360_nohash_4|one
0d82fd99_nohash_0|one
0d82fd99_nohash_1|one
0d82fd99_nohash_2|one
0d82fd99_nohash_3|one
0d85a428_nohash_0|one
0d85a428_nohash_1|one
0d90d8e1_nohash_0|one
0d90d8e1_nohash_1|one
0d90d8e1_nohash_2|one
0d90d8e1_nohash_3|one
0e5193e6_nohash_0|one
0e6e36c9_nohash_0|one
0e6e36c9_nohash_1|one
0e6e36c9_nohash_2|one
0e8ec1cb_nohash_0|one
0ea0e2f4_nohash_0|one
0ea9c8ce_nohash_0|one
0ea9c8ce_nohash_1|one
0ea9c8ce_nohash_2|one
0f250098_nohash_0|one
0f3f64d5_nohash_0|one
0f46028a_nohash_0|one
0f46028a_nohash_1|one
0f46028a_nohash_2|one
0f46028a_nohash_3|one
0f7205ef_nohash_0|one
0f7205ef_nohash_1|one
0f7266cf_nohash_0|one
0f7266cf_nohash_1|one
0f7266cf_nohash_2|one
0f7266cf_nohash_3|one
0f7266cf_nohash_4|one
0f7dc557_nohash_0|one
0f7dc557_nohash_1|one
0f7dc557_nohash_2|one
0fa1e7a9_nohash_0|one
0ff728b5_nohash_0|one
0ff728b5_nohash_1|one
0ff728b5_nohash_2|one
0ff728b5_nohash_3|one
0ff728b5_nohash_4|one
105a0eea_nohash_0|one
10627519_nohash_0|one
106a6183_nohash_0|one
106a6183_nohash_1|one
106a6183_nohash_2|one
1093c8e7_nohash_0|one
10ace7eb_nohash_0|one
10ace7eb_nohash_1|one
10ace7eb_nohash_2|one
10ace7eb_nohash_3|one
10ace7eb_nohash_4|one
10c6d873_nohash_0|one
10c6d873_nohash_1|one
10f2bb12_nohash_0|one
10f2bb12_nohash_1|one
10f2bb12_nohash_2|one
11099149_nohash_0|one
11099149_nohash_1|one
11321027_nohash_0|one
11321027_nohash_1|one
11379f4d_nohash_0|one
113b3fbc_nohash_0|one
113b3fbc_nohash_1|one
113b3fbc_nohash_2|one
113b3fbc_nohash_3|one
113b3fbc_nohash_4|one
11a022ba_nohash_0|one
122c5aa7_nohash_0|one
122c5aa7_nohash_1|one
122c5aa7_nohash_2|one
122c5aa7_nohash_3|one
12529547_nohash_0|one
12529547_nohash_1|one
12529547_nohash_2|one
126a31d2_nohash_0|one
129c7d8d_nohash_0|one
129c7d8d_nohash_1|one
130d9a87_nohash_0|one
130d9a87_nohash_1|one
13199b79_nohash_0|one
13199b79_nohash_1|one
13199b79_nohash_2|one
131e738d_nohash_0|one
131e738d_nohash_1|one
131e738d_nohash_2|one
131e738d_nohash_3|one
131e738d_nohash_4|one
1338a799_nohash_0|one
135c6841_nohash_0|one
13a93b33_nohash_0|one
13a93b33_nohash_1|one
13d7b8c9_nohash_0|one
13d7b8c9_nohash_1|one
13dce503_nohash_0|one
144d27ff_nohash_0|one
14587ff0_nohash_0|one
14587ff0_nohash_1|one
1474273a_nohash_0|one
14775481_nohash_0|one
1496195a_nohash_0|one
1496195a_nohash_1|one
1496195a_nohash_2|one
1496195a_nohash_3|one
14c7b073_nohash_0|one
14c7b073_nohash_1|one
14c7b073_nohash_2|one
14c7b073_nohash_3|one
14df1e28_nohash_0|one
151bfb79_nohash_0|one
152491bc_nohash_0|one
15574821_nohash_0|one
15574821_nohash_1|one
1589451d_nohash_0|one
15c563d7_nohash_0|one
15c563d7_nohash_1|one
15c563d7_nohash_2|one
15c563d7_nohash_3|one
15c563d7_nohash_4|one
15dd287d_nohash_0|one
15dd287d_nohash_1|one
15dd287d_nohash_2|one
15dd287d_nohash_3|one
15dd287d_nohash_4|one
15f04ff8_nohash_0|one
161fcca8_nohash_0|one
1626bc5a_nohash_0|one
1626bc5a_nohash_1|one
1626bc5a_nohash_2|one
1706c35f_nohash_0|one
171b56dc_nohash_0|one
171edea9_nohash_0|one
171edea9_nohash_1|one
171edea9_nohash_2|one
171edea9_nohash_3|one
171edea9_nohash_4|one
172dc2b0_nohash_0|one
173ce2be_nohash_0|one
173e6bbf_nohash_0|one
173e6bbf_nohash_1|one
1746d7b6_nohash_0|one
1746d7b6_nohash_1|one
179a61b7_nohash_0|one
179a61b7_nohash_1|one
179a61b7_nohash_2|one
179a61b7_nohash_3|one
179a61b7_nohash_4|one
17cc40ee_nohash_0|one
17cc40ee_nohash_1|one
17f0e206_nohash_0|one
17f0e206_nohash_1|one
1816b768_nohash_0|one
1851e33b_nohash_0|one
1890e5c3_nohash_0|one
189cbabe_nohash_0|one
189cbabe_nohash_1|one
189cbabe_nohash_2|one
189cbabe_nohash_3|one
189cbabe_nohash_4|one
18c54a68_nohash_0|one
18e910f4_nohash_0|one
18e910f4_nohash_1|one
18e910f4_nohash_2|one
18e910f4_nohash_3|one
18f8afd5_nohash_0|one
18f8afd5_nohash_1|one
190821dc_nohash_0|one
190821dc_nohash_1|one
190821dc_nohash_2|one
19414a96_nohash_0|one
195c120a_nohash_0|one
195c120a_nohash_1|one
195c120a_nohash_2|one
195c120a_nohash_3|one
195c120a_nohash_4|one
197f4153_nohash_0|one
197f4153_nohash_1|one
197f4153_nohash_2|one
197f4153_nohash_3|one
197f4153_nohash_4|one
1993db46_nohash_0|one
1993db46_nohash_1|one
1995cf9e_nohash_0|one
1995cf9e_nohash_1|one
199da2bf_nohash_0|one
199da2bf_nohash_1|one
19a1e5c7_nohash_0|one
19a1e5c7_nohash_1|one
19e98e89_nohash_0|one
1a0f9c63_nohash_0|one
1a4259c3_nohash_0|one
1a4259c3_nohash_1|one
1a673010_nohash_0|one
1a73dcd1_nohash_0|one
1a994c9f_nohash_0|one
1a994c9f_nohash_1|one
1a994c9f_nohash_2|one
1a994c9f_nohash_3|one
1acc97de_nohash_0|one
1acc97de_nohash_1|one
1acc97de_nohash_2|one
1acc97de_nohash_3|one
1acc97de_nohash_4|one
1aed7c6d_nohash_0|one
1aeef15e_nohash_0|one
1aeef15e_nohash_1|one
1afd49bf_nohash_0|one
1b18600d_nohash_0|one
1b18600d_nohash_1|one
1b18600d_nohash_2|one
1b42b551_nohash_0|one
1b42b551_nohash_1|one
1b42b551_nohash_2|one
1b42b551_nohash_3|one
1b459024_nohash_0|one
1b4c9b89_nohash_0|one
1b4c9b89_nohash_1|one
1b4c9b89_nohash_2|one
1b4c9b89_nohash_3|one
1b4c9b89_nohash_4|one
1b5ba788_nohash_0|one
1b5ba788_nohash_1|one
1b627376_nohash_0|one
1b63157b_nohash_0|one
1b835b87_nohash_0|one
1b88bf70_nohash_0|one
1ba20be2_nohash_0|one
1ba20be2_nohash_1|one
1bb574f9_nohash_0|one
1bb574f9_nohash_1|one
1bb574f9_nohash_2|one
1bb6ed89_nohash_0|one
1c1060b1_nohash_0|one
1c3f50ad_nohash_0|one
1c50d874_nohash_0|one
1c6e5447_nohash_0|one
1c84a139_nohash_0|one
1c84a139_nohash_1|one
1c84a139_nohash_2|one
1c84a139_nohash_3|one
1c84a139_nohash_4|one
1cb788bc_nohash_0|one
1cbcc7a7_nohash_0|one
1cec8d71_nohash_0|one
1cec8d71_nohash_1|one
1d1fe0a0_nohash_0|one
1dc86f91_nohash_0|one
1dc86f91_nohash_1|one
1dc86f91_nohash_2|one
1dc86f91_nohash_3|one
1dc86f91_nohash_4|one
1dce06e8_nohash_0|one
1df483c0_nohash_0|one
1df483c0_nohash_1|one
1df99a8a_nohash_0|one
1df99a8a_nohash_1|one
1df99a8a_nohash_2|one
1e02ffc5_nohash_0|one
1e02ffc5_nohash_1|one
1e02ffc5_nohash_2|one
1e02ffc5_nohash_3|one
1e02ffc5_nohash_4|one
1e4064b8_nohash_0|one
1e9e6bdd_nohash_0|one
1e9e6bdd_nohash_1|one
1e9e6bdd_nohash_2|one
1e9e6bdd_nohash_3|one
1e9e6bdd_nohash_4|one
1ecfb537_nohash_0|one
1ecfb537_nohash_1|one
1ecfb537_nohash_2|one
1ecfb537_nohash_3|one
1ecfb537_nohash_4|one
1ed0b13d_nohash_0|one
1ed0b13d_nohash_1|one
1ed0b13d_nohash_2|one
1ed0b13d_nohash_3|one
1ed0b13d_nohash_4|one
1ed557b9_nohash_0|one
1eddce1d_nohash_0|one
1eddce1d_nohash_1|one
1efdf53f_nohash_0|one
1efdf53f_nohash_1|one
1f3bece8_nohash_0|one
1f3bece8_nohash_1|one
1f3e4139_nohash_0|one
1f3e4139_nohash_1|one
1fc04a13_nohash_0|one
1fd85ee4_nohash_0|one
2005ca25_nohash_0|one
20174140_nohash_0|one
2039b9c1_nohash_0|one
20d779bf_nohash_0|one
20d779bf_nohash_1|one
20fd451f_nohash_0|one
20fd451f_nohash_1|one
20fd451f_nohash_2|one
20fd451f_nohash_3|one
20fd451f_nohash_4|one
210f3aa9_nohash_0|one
210f3aa9_nohash_1|one
210f3aa9_nohash_2|one
211b928a_nohash_0|one
211b928a_nohash_1|one
211b928a_nohash_2|one
214ccb20_nohash_0|one
214ccb20_nohash_1|one
215699ff_nohash_0|one
21832144_nohash_0|one
21832144_nohash_1|one
21832144_nohash_2|one
21832144_nohash_3|one
21832144_nohash_4|one
21cbe292_nohash_0|one
21cbe292_nohash_1|one
21cbe292_nohash_2|one
2228657c_nohash_0|one
22296dbe_nohash_0|one
22296dbe_nohash_1|one
22296dbe_nohash_2|one
22296dbe_nohash_3|one
2250f5f2_nohash_0|one
226537ab_nohash_0|one
226537ab_nohash_1|one
226537ab_nohash_2|one
226537ab_nohash_3|one
2275edbb_nohash_0|one
2296b1af_nohash_0|one
2296b1af_nohash_1|one
229978fd_nohash_0|one
229978fd_nohash_1|one
229978fd_nohash_2|one
229978fd_nohash_3|one
229978fd_nohash_4|one
23059a35_nohash_0|one
23059a35_nohash_1|one
2313e093_nohash_0|one
2335770e_nohash_0|one
234ab0fb_nohash_0|one
234d6a48_nohash_0|one
234d6a48_nohash_1|one
234d6a48_nohash_2|one
234d6a48_nohash_3|one
234d6a48_nohash_4|one
2356b88d_nohash_0|one
2356b88d_nohash_1|one
2356b88d_nohash_2|one
2356b88d_nohash_3|one
2356b88d_nohash_4|one
235b444f_nohash_0|one
235b444f_nohash_1|one
235b444f_nohash_2|one
235b444f_nohash_3|one
235b444f_nohash_4|one
236b6113_nohash_0|one
236b6113_nohash_1|one
23abe1c9_nohash_0|one
23ad12d8_nohash_0|one
23ad12d8_nohash_1|one
23add12a_nohash_0|one
23da904f_nohash_0|one
23da904f_nohash_1|one
23da904f_nohash_2|one
23da904f_nohash_3|one
23da904f_nohash_4|one
244cc3a5_nohash_0|one
24632875_nohash_0|one
24632875_nohash_1|one
24632875_nohash_2|one
24694eb6_nohash_0|one
24a3e589_nohash_0|one
24a3e589_nohash_1|one
24a3e589_nohash_2|one
24a3e589_nohash_3|one
24a3e589_nohash_4|one
24befdb3_nohash_0|one
24befdb3_nohash_1|one
24befdb3_nohash_2|one
24befdb3_nohash_3|one
24befdb3_nohash_4|one
24c9f572_nohash_0|one
24cab2cb_nohash_0|one
24cab2cb_nohash_1|one
24ed94ab_nohash_0|one
2510c044_nohash_0|one
25132942_nohash_0|one
25132942_nohash_1|one
25132942_nohash_2|one
25132942_nohash_3|one
25132942_nohash_4|one
256c0a05_nohash_0|one
256c0a05_nohash_1|one
256c0a05_nohash_2|one
256c0a05_nohash_3|one
256c0a05_nohash_4|one
257251e0_nohash_0|one
257e17e0_nohash_0|one
257e17e0_nohash_1|one
2589f361_nohash_0|one
2589f361_nohash_1|one
258f4559_nohash_0|one
25c14394_nohash_0|one
25c14394_nohash_1|one
25e95412_nohash_0|one
25e95412_nohash_1|one
25e95412_nohash_2|one
25e95412_nohash_3|one
25e95412_nohash_4|one
25e95412_nohash_5|one
262d7a03_nohash_0|one
264f471d_nohash_0|one
264f471d_nohash_1|one
264f471d_nohash_2|one
26a093e1_nohash_0|one
26b28ea7_nohash_0|one
2796ac50_nohash_0|one
27b03931_nohash_0|one
27b03931_nohash_1|one
27b9a84f_nohash_0|one
27b9a84f_nohash_1|one
27c24504_nohash_0|one
27c24504_nohash_1|one
27c24504_nohash_2|one
27c30960_nohash_0|one
27c30960_nohash_1|one
27c30960_nohash_2|one
27c30960_nohash_3|one
283d7a53_nohash_0|one
28460a60_nohash_0|one
28497c5b_nohash_0|one
28612180_nohash_0|one
28612180_nohash_1|one
28ce0c58_nohash_0|one
28ce0c58_nohash_1|one
28ce0c58_nohash_2|one
28ce0c58_nohash_3|one
28ce0c58_nohash_4|one
28e47b1a_nohash_0|one
28e47b1a_nohash_1|one
28e47b1a_nohash_2|one
28e47b1a_nohash_3|one
28e47b1a_nohash_4|one
28ed6bc9_nohash_0|one
28ed6bc9_nohash_1|one
28ed6bc9_nohash_2|one
28ed6bc9_nohash_3|one
2903efb3_nohash_0|one
2903efb3_nohash_1|one
2903efb3_nohash_2|one
29229c21_nohash_0|one
29229c21_nohash_1|one
29229c21_nohash_2|one
29229c21_nohash_3|one
2927c601_nohash_0|one
2927c601_nohash_1|one
2927c601_nohash_2|one
2927c601_nohash_3|one
2927c601_nohash_4|one
29b81b73_nohash_0|one
29dce108_nohash_0|one
29dce108_nohash_1|one
29dce108_nohash_2|one
29dce108_nohash_3|one
29dce108_nohash_4|one
29fb33da_nohash_0|one
29fb33da_nohash_1|one
29fb33da_nohash_2|one
29fb33da_nohash_3|one
29fb33da_nohash_4|one
2a0b413e_nohash_0|one
2a1f4853_nohash_0|one
2a1f4853_nohash_1|one
2a1f4853_nohash_2|one
2a1f4853_nohash_3|one
2a89ad5c_nohash_0|one
2a89ad5c_nohash_1|one
2aa787cf_nohash_0|one
2aca1e72_nohash_0|one
2aca1e72_nohash_1|one
2aca1e72_nohash_2|one
2aca1e72_nohash_3|one
2aca1e72_nohash_4|one
2aca1e72_nohash_5|one
2aca1e72_nohash_6|one
2aca1e72_nohash_7|one
2aca1e72_nohash_8|one
2ad772d6_nohash_0|one
2b3f509b_nohash_0|one
2b3f509b_nohash_1|one
2b3f509b_nohash_2|one
2b42e7a2_nohash_0|one
2b5e346d_nohash_0|one
2b5e346d_nohash_1|one
2b5e346d_nohash_2|one
2b5e346d_nohash_3|one
2b5e346d_nohash_4|one
2b715941_nohash_0|one
2bdbe5f7_nohash_0|one
2bdbe5f7_nohash_1|one
2bdbe5f7_nohash_2|one
2bdbe5f7_nohash_3|one
2be08ce4_nohash_0|one
2be08ce4_nohash_1|one
2bfe70ef_nohash_0|one
2c393fd2_nohash_0|one
2c5e0347_nohash_0|one
2c6446f7_nohash_0|one
2c6446f7_nohash_1|one
2c727642_nohash_0|one
2ce7534c_nohash_0|one
2cec1d47_nohash_0|one
2cec1d47_nohash_1|one
2cf28b70_nohash_0|one
2cf28b70_nohash_1|one
2d327bc8_nohash_0|one
2d92f18b_nohash_0|one
2da58b32_nohash_0|one
2da58b32_nohash_1|one
2da58b32_nohash_2|one
2da58b32_nohash_3|one
2dc4f05d_nohash_0|one
2dc4f05d_nohash_1|one
2dc4f05d_nohash_2|one
2dc4f05d_nohash_3|one
2dc4f05d_nohash_4|one
2dc4f05d_nohash_5|one
2dcb6848_nohash_0|one
2e0d80f7_nohash_0|one
2e30f9a5_nohash_0|one
2e75d37a_nohash_0|one
2e75d37a_nohash_1|one
2e75d37a_nohash_2|one
2e75d37a_nohash_3|one
2e75d37a_nohash_4|one
2e8c59f7_nohash_0|one
2f0a410b_nohash_0|one
2f0ce4d9_nohash_0|one
2f0ce4d9_nohash_1|one
2f0ce4d9_nohash_2|one
2f0ce4d9_nohash_3|one
2fa39636_nohash_0|one
2fcb6397_nohash_0|one
2fcb6397_nohash_1|one
2fcb6397_nohash_2|one
2fcb6397_nohash_3|one
2fee065a_nohash_0|one
2fee065a_nohash_1|one
2fee065a_nohash_2|one
2fee065a_nohash_3|one
300384f0_nohash_0|one
30060aba_nohash_0|one
30060aba_nohash_1|one
30060aba_nohash_2|one
30060aba_nohash_3|one
30060aba_nohash_4|one
30065f33_nohash_0|one
30065f33_nohash_1|one
30276d03_nohash_0|one
30276d03_nohash_1|one
30276d03_nohash_2|one
30276d03_nohash_3|one
30802c5d_nohash_0|one
30802c5d_nohash_1|one
30802c5d_nohash_2|one
30802c5d_nohash_3|one
30802c5d_nohash_4|one
30a09789_nohash_0|one
30aabd44_nohash_0|one
30f31e42_nohash_0|one
30f6e665_nohash_0|one
3102f006_nohash_0|one
3102f006_nohash_1|one
3102f006_nohash_2|one
3102f006_nohash_3|one
3108acca_nohash_0|one
3108acca_nohash_1|one
3108acca_nohash_2|one
311fde72_nohash_0|one
31270cb2_nohash_0|one
31270cb2_nohash_1|one
312d6d81_nohash_0|one
3143fdff_nohash_0|one
31db232b_nohash_0|one
31db232b_nohash_1|one
31db232b_nohash_2|one
31f01a8d_nohash_0|one
31f01a8d_nohash_1|one
31f01a8d_nohash_2|one
31f01a8d_nohash_3|one
31f01a8d_nohash_4|one
3209ec42_nohash_0|one
3209ec42_nohash_1|one
3209ec42_nohash_2|one
321aba74_nohash_0|one
321aba74_nohash_1|one
321aba74_nohash_2|one
321aba74_nohash_3|one
321aba74_nohash_4|one
322d17d3_nohash_0|one
322d17d3_nohash_1|one
322d17d3_nohash_2|one
322d17d3_nohash_3|one
324210dd_nohash_0|one
324210dd_nohash_1|one
324210dd_nohash_2|one
324210dd_nohash_3|one
324210dd_nohash_4|one
3250c035_nohash_0|one
3291330e_nohash_0|one
3291330e_nohash_1|one
3291330e_nohash_2|one
3291330e_nohash_3|one
3291330e_nohash_4|one
329eab8a_nohash_0|one
329eab8a_nohash_1|one
32ad5b65_nohash_0|one
32ad5b65_nohash_1|one
32ad5b65_nohash_2|one
32ad5b65_nohash_3|one
32ad5b65_nohash_4|one
33246bc2_nohash_0|one
33246bc2_nohash_1|one
33246bc2_nohash_2|one
332d33b1_nohash_0|one
332d33b1_nohash_1|one
332d33b1_nohash_2|one
332d33b1_nohash_3|one
332d33b1_nohash_4|one
333784b7_nohash_0|one
333784b7_nohash_1|one
333784b7_nohash_2|one
333784b7_nohash_3|one
333784b7_nohash_4|one
333d7ddb_nohash_0|one
333d7ddb_nohash_1|one
333d7ddb_nohash_2|one
333d7ddb_nohash_3|one
333d7ddb_nohash_4|one
3389305e_nohash_0|one
33903159_nohash_0|one
3402e488_nohash_0|one
3402e488_nohash_1|one
3402e488_nohash_2|one
340c8b10_nohash_0|one
3411cf4b_nohash_0|one
3411cf4b_nohash_1|one
34263ab3_nohash_0|one
34805883_nohash_0|one
34881b10_nohash_0|one
34d5aa5a_nohash_0|one
353b4d33_nohash_0|one
353b4d33_nohash_1|one
353b4d33_nohash_2|one
3565ca83_nohash_0|one
3565ca83_nohash_1|one
3589bc72_nohash_0|one
3589bc72_nohash_1|one
3589bc72_nohash_2|one
3589bc72_nohash_3|one
3589bc72_nohash_4|one
35d1b6ee_nohash_0|one
35d1b6ee_nohash_1|one
36050ef3_nohash_0|one
36050ef3_nohash_1|one
36050ef3_nohash_2|one
36050ef3_nohash_3|one
364c0853_nohash_0|one
364f979f_nohash_0|one
365531e2_nohash_0|one
365908bd_nohash_0|one
365908bd_nohash_1|one
365908bd_nohash_2|one
365908bd_nohash_3|one
365908bd_nohash_4|one
365908bd_nohash_5|one
36de13e1_nohash_0|one
36de13e1_nohash_1|one
3777c08e_nohash_0|one
377e916b_nohash_0|one
37bd115d_nohash_0|one
37dca74f_nohash_0|one
37dca74f_nohash_1|one
37dca74f_nohash_2|one
37dca74f_nohash_3|one
37fc5d97_nohash_0|one
37fc5d97_nohash_1|one
380abbad_nohash_0|one
380abbad_nohash_1|one
3837f3f3_nohash_0|one
3837f3f3_nohash_1|one
3847619e_nohash_0|one
3852fca2_nohash_0|one
38c30a4a_nohash_0|one
38c388bc_nohash_0|one
38d78313_nohash_0|one
38d78313_nohash_1|one
38d78313_nohash_2|one
38d78313_nohash_3|one
38d78313_nohash_4|one
3903b558_nohash_0|one
39833acb_nohash_0|one
39833acb_nohash_1|one
39833acb_nohash_2|one
39833acb_nohash_3|one
39833acb_nohash_4|one
3983ba0d_nohash_0|one
3983ba0d_nohash_1|one
39999a0f_nohash_0|one
39a12648_nohash_0|one
39a12648_nohash_1|one
39a12648_nohash_2|one
39a12648_nohash_3|one
39a12648_nohash_4|one
39a45230_nohash_0|one
39a45230_nohash_1|one
39a45230_nohash_2|one
39a6b995_nohash_0|one
39afb88e_nohash_0|one
39afb88e_nohash_1|one
39dce8cc_nohash_0|one
39dce8cc_nohash_1|one
39ec87ac_nohash_0|one
39ec87ac_nohash_1|one
3a33d3a4_nohash_0|one
3a3ee7ed_nohash_0|one
3a3ee7ed_nohash_1|one
3a3ee7ed_nohash_2|one
3a3ee7ed_nohash_3|one
3a3ee7ed_nohash_4|one
3a69f765_nohash_0|one
3a69f765_nohash_1|one
3a69f765_nohash_2|one
3a69f765_nohash_3|one
3a789a0d_nohash_0|one
3a789a0d_nohash_1|one
3a7d8872_nohash_0|one
3a929277_nohash_0|one
3a929277_nohash_1|one
3a929277_nohash_2|one
3a929277_nohash_3|one
3a929277_nohash_4|one
3ae5c04f_nohash_0|one
3b195250_nohash_0|one
3b195250_nohash_1|one
3b195250_nohash_2|one
3b195250_nohash_3|one
3b195250_nohash_4|one
3b3d2f59_nohash_0|one
3b3d2f59_nohash_1|one
3b3d2f59_nohash_2|one
3b3d2f59_nohash_3|one
3b4f8f24_nohash_0|one
3b4f8f24_nohash_1|one
3b4f8f24_nohash_2|one
3b4f8f24_nohash_3|one
3b4f8f24_nohash_4|one
3b7f817e_nohash_0|one
3b852f6f_nohash_0|one
3bb68054_nohash_0|one
3bb68054_nohash_1|one
3bb68054_nohash_2|one
3bb68054_nohash_3|one
3bb68054_nohash_4|one
3bc21161_nohash_0|one
3bc21161_nohash_1|one
3bc21161_nohash_2|one
3bc21161_nohash_3|one
3bc21161_nohash_4|one
3bfd30e6_nohash_0|one
3bfd30e6_nohash_1|one
3bfd30e6_nohash_2|one
3bfd30e6_nohash_3|one
3bfd30e6_nohash_4|one
3c1e12cf_nohash_0|one
3c1e12cf_nohash_1|one
3c257192_nohash_0|one
3c257192_nohash_1|one
3c257192_nohash_2|one
3c257192_nohash_3|one
3c257192_nohash_4|one
3c4aa5ef_nohash_0|one
3c4aa5ef_nohash_1|one
3c4aa5ef_nohash_2|one
3c4aa5ef_nohash_3|one
3c6d55b3_nohash_0|one
3c6e33df_nohash_0|one
3c8dc702_nohash_0|one
3c8dc702_nohash_1|one
3ca784ec_nohash_0|one
3cc595de_nohash_0|one
3cc595de_nohash_1|one
3cc595de_nohash_2|one
3cc595de_nohash_3|one
3cc595de_nohash_4|one
3ce4910e_nohash_0|one
3ce4910e_nohash_1|one
3ce4910e_nohash_2|one
3ce4910e_nohash_3|one
3ce4910e_nohash_4|one
3cfc6b3a_nohash_0|one
3d3ddaf8_nohash_0|one
3d3ddaf8_nohash_1|one
3d53244b_nohash_0|one
3d53244b_nohash_1|one
3d53244b_nohash_2|one
3d53244b_nohash_3|one
3d53244b_nohash_4|one
3d794813_nohash_0|one
3d794813_nohash_1|one
3d794813_nohash_2|one
3d794813_nohash_3|one
3d86b69a_nohash_0|one
3d86b69a_nohash_1|one
3d86b69a_nohash_2|one
3d86b69a_nohash_3|one
3d86b69a_nohash_4|one
3d9200b9_nohash_0|one
3d9200b9_nohash_1|one
3d9bbe2d_nohash_0|one
3d9bbe2d_nohash_1|one
3da7f617_nohash_0|one
3de53d23_nohash_0|one
3df9a3d4_nohash_0|one
3dfd6c23_nohash_0|one
3e31dffe_nohash_0|one
3e31dffe_nohash_1|one
3e31dffe_nohash_2|one
3e3b65eb_nohash_0|one
3e3b65eb_nohash_1|one
3e3b65eb_nohash_2|one
3e3b65eb_nohash_3|one
3e3fa7fd_nohash_0|one
3ea77ede_nohash_0|one
3ea77ede_nohash_1|one
3ed3e49a_nohash_0|one
3ed3e49a_nohash_1|one
3ed3e49a_nohash_2|one
3ee0fc39_nohash_0|one
3ef0f3ab_nohash_0|one
3efa7ec4_nohash_0|one
3efef882_nohash_0|one
3efef882_nohash_1|one
3f45a0cf_nohash_0|one
3f45a0cf_nohash_1|one
3f45a0cf_nohash_2|one
3f45a0cf_nohash_3|one
3f6ba067_nohash_0|one
3fdafe25_nohash_0|one
3fdafe25_nohash_1|one
3fdafe25_nohash_2|one
40115b19_nohash_0|one
40115b19_nohash_1|one
40115b19_nohash_2|one
40115b19_nohash_3|one
40738a2d_nohash_0|one
40738a2d_nohash_1|one
40738a2d_nohash_2|one
408de0a4_nohash_0|one
409c962a_nohash_0|one
409c962a_nohash_1|one
409c962a_nohash_2|one
412c675c_nohash_0|one
413997c1_nohash_0|one
413997c1_nohash_1|one
413bcfe1_nohash_0|one
41777abb_nohash_0|one
418e7158_nohash_0|one
422f8cf1_nohash_0|one
42398aab_nohash_0|one
4249c833_nohash_0|one
4290ca61_nohash_0|one
4290ca61_nohash_1|one
42a99aec_nohash_0|one
42a99aec_nohash_1|one
42a99aec_nohash_2|one
42a99aec_nohash_3|one
42beb5eb_nohash_0|one
42beb5eb_nohash_1|one
42c6fff1_nohash_0|one
42ccb57a_nohash_0|one
42f81601_nohash_0|one
42f81601_nohash_1|one
42f81601_nohash_2|one
434a267c_nohash_0|one
434a267c_nohash_1|one
434a267c_nohash_2|one
434a267c_nohash_3|one
434a267c_nohash_4|one
435695e3_nohash_0|one
43691f67_nohash_0|one
437455be_nohash_0|one
439c84f4_nohash_0|one
439c84f4_nohash_1|one
439c84f4_nohash_2|one
439c84f4_nohash_3|one
439c84f4_nohash_4|one
43b85b64_nohash_0|one
43b85b64_nohash_1|one
43f57297_nohash_0|one
43fc47a7_nohash_0|one
4422e51d_nohash_0|one
4422e51d_nohash_1|one
44260689_nohash_0|one
446a3161_nohash_0|one
44715c1c_nohash_0|one
44715c1c_nohash_1|one
44b5720d_nohash_0|one
44bc77f7_nohash_0|one
44dad20e_nohash_0|one
44fb4274_nohash_0|one
45692b02_nohash_0|one
45692b02_nohash_1|one
459345ea_nohash_0|one
459345ea_nohash_1|one
459345ea_nohash_2|one
460209ac_nohash_0|one
460209ac_nohash_1|one
460209ac_nohash_2|one
46114b4e_nohash_0|one
4620dc14_nohash_0|one
4620dc14_nohash_1|one
46a153d8_nohash_0|one
46a153d8_nohash_1|one
46a153d8_nohash_2|one
46a153d8_nohash_3|one
46a153d8_nohash_4|one
471a0925_nohash_0|one
471a0925_nohash_1|one
471a0925_nohash_2|one
471a0925_nohash_3|one
471a0925_nohash_4|one
472b8045_nohash_0|one
472b8045_nohash_1|one
472b8045_nohash_2|one
472b8045_nohash_3|one
479e64cc_nohash_0|one
479e64cc_nohash_1|one
479e64cc_nohash_2|one
47d01978_nohash_0|one
4845bb10_nohash_0|one
4845bb10_nohash_1|one
4845bb10_nohash_2|one
48463cbc_nohash_0|one
4874a7e9_nohash_0|one
4874a7e9_nohash_1|one
48a9f771_nohash_0|one
4995d875_nohash_0|one
4995d875_nohash_1|one
4995d875_nohash_2|one
499be02e_nohash_0|one
499be02e_nohash_1|one
499be02e_nohash_2|one
499be02e_nohash_3|one
499be02e_nohash_4|one
4a0e2c16_nohash_0|one
4a1e736b_nohash_0|one
4a1e736b_nohash_1|one
4a1e736b_nohash_2|one
4a1e736b_nohash_3|one
4a1e736b_nohash_4|one
4a4e28f1_nohash_0|one
4a4e28f1_nohash_1|one
4a671512_nohash_0|one
4a803e67_nohash_0|one
4abb2400_nohash_0|one
4abb2400_nohash_1|one
4b39347d_nohash_0|one
4b39347d_nohash_1|one
4b3a7ad5_nohash_0|one
4bc2c2c5_nohash_0|one
4bc2c2c5_nohash_1|one
4c1aa16d_nohash_0|one
4c1aa16d_nohash_1|one
4c3cddb8_nohash_0|one
4c3cddb8_nohash_1|one
4c3cddb8_nohash_2|one
4c3cddb8_nohash_3|one
4c3cddb8_nohash_4|one
4c594e0f_nohash_0|one
4c594e0f_nohash_1|one
4c6167ca_nohash_0|one
4c6167ca_nohash_1|one
4c6167ca_nohash_2|one
4c6167ca_nohash_3|one
4c6167ca_nohash_4|one
4c6167ca_nohash_5|one
4c6167ca_nohash_6|one
4c6167ca_nohash_7|one
4c6167ca_nohash_8|one
4c6944d6_nohash_0|one
4c6944d6_nohash_1|one
4c6944d6_nohash_2|one
4c6944d6_nohash_3|one
4c6944d6_nohash_4|one
4c6944d6_nohash_5|one
4c77947d_nohash_0|one
4c77947d_nohash_1|one
4c841771_nohash_0|one
4cb874bb_nohash_0|one
4cb874bb_nohash_1|one
4cee0c60_nohash_0|one
4cee0c60_nohash_1|one
4cee0c60_nohash_2|one
4cee0c60_nohash_3|one
4cee0c60_nohash_4|one
4d9e07cf_nohash_0|one
4d9e07cf_nohash_1|one
4d9e07cf_nohash_2|one
4def68db_nohash_0|one
4e6902d0_nohash_0|one
4e6902d0_nohash_1|one
4e6902d0_nohash_2|one
4e6902d0_nohash_3|one
4e6902d0_nohash_4|one
4e99c1b7_nohash_0|one
4e99c1b7_nohash_1|one
4e99c1b7_nohash_2|one
4f086393_nohash_0|one
4f256313_nohash_0|one
4fce7686_nohash_0|one
4fd1443e_nohash_0|one
4fd1443e_nohash_1|one
4fd1443e_nohash_2|one
4fd1443e_nohash_3|one
4fd1443e_nohash_4|one
4fd4d073_nohash_0|one
50033893_nohash_0|one
50033893_nohash_1|one
508e30ee_nohash_0|one
508e30ee_nohash_1|one
508e30ee_nohash_2|one
508e30ee_nohash_3|one
508e30ee_nohash_4|one
508e30ee_nohash_5|one
50928b05_nohash_0|one
50a7d406_nohash_0|one
50a8ef27_nohash_0|one
51055bda_nohash_0|one
51055bda_nohash_1|one
51055bda_nohash_2|one
51055bda_nohash_3|one
513aeddf_nohash_0|one
513aeddf_nohash_1|one
513aeddf_nohash_2|one
513aeddf_nohash_3|one
513aeddf_nohash_4|one
5170b77f_nohash_0|one
5170b77f_nohash_1|one
5170b77f_nohash_2|one
5170b77f_nohash_3|one
5184ed3e_nohash_0|one
518588b6_nohash_0|one
518588b6_nohash_1|one
5188de0d_nohash_0|one
5188de0d_nohash_1|one
5188de0d_nohash_2|one
5188de0d_nohash_3|one
5188de0d_nohash_4|one
5195f0ec_nohash_0|one
5195f0ec_nohash_1|one
51c5601d_nohash_0|one
51c5601d_nohash_1|one
51eefcc6_nohash_0|one
51eefcc6_nohash_1|one
51eefcc6_nohash_2|one
51eefcc6_nohash_3|one
51f4d5b0_nohash_0|one
51f7a034_nohash_0|one
51f7a034_nohash_1|one
51f7a034_nohash_2|one
51f7a034_nohash_3|one
520b2c17_nohash_0|one
520e8c0e_nohash_0|one
520e8c0e_nohash_1|one
52162b51_nohash_0|one
52162b51_nohash_1|one
52162b51_nohash_2|one
52162b51_nohash_3|one
525eaa62_nohash_0|one
525eaa62_nohash_1|one
525eaa62_nohash_2|one
525eaa62_nohash_3|one
525eaa62_nohash_4|one
528f9242_nohash_0|one
53458368_nohash_0|one
53458368_nohash_1|one
53578f4e_nohash_0|one
53d5b86f_nohash_0|one
53eb0a88_nohash_0|one
53eb0a88_nohash_1|one
542f38a2_nohash_0|one
542f38a2_nohash_1|one
54412eae_nohash_0|one
54ad8f22_nohash_0|one
54ad8f22_nohash_1|one
54ad8f22_nohash_2|one
54aecbd5_nohash_0|one
54aecbd5_nohash_1|one
54aecbd5_nohash_2|one
54aecbd5_nohash_3|one
54aecbd5_nohash_4|one
54b6d355_nohash_0|one
54b6d355_nohash_1|one
54b6d355_nohash_2|one
54b6d355_nohash_3|one
54b6d355_nohash_4|one
559bc36a_nohash_0|one
559bc36a_nohash_1|one
559bc36a_nohash_2|one
559bc36a_nohash_3|one
559bc36a_nohash_4|one
55feffd5_nohash_0|one
560c5be4_nohash_0|one
563aa4e6_nohash_0|one
563aa4e6_nohash_1|one
563aa4e6_nohash_2|one
563aa4e6_nohash_3|one
5677ec77_nohash_0|one
569455ff_nohash_0|one
56abe7dc_nohash_0|one
56cd307a_nohash_0|one
56eab10e_nohash_0|one
56eab10e_nohash_1|one
56eb74ae_nohash_0|one
56eb74ae_nohash_1|one
56eb74ae_nohash_2|one
56eb74ae_nohash_3|one
56eb74ae_nohash_4|one
56f78b7e_nohash_0|one
5705a0f9_nohash_0|one
57152045_nohash_0|one
57152045_nohash_1|one
57152045_nohash_2|one
57152045_nohash_3|one
57152045_nohash_4|one
574ec766_nohash_0|one
5769c5ab_nohash_0|one
5769c5ab_nohash_1|one
5769c5ab_nohash_2|one
5769c5ab_nohash_3|one
578d3efb_nohash_0|one
578d3efb_nohash_1|one
578d3efb_nohash_2|one
578d3efb_nohash_3|one
578d3efb_nohash_4|one
57b38f48_nohash_0|one
57b38f48_nohash_1|one
590750e8_nohash_0|one
590750e8_nohash_1|one
59b98a22_nohash_0|one
59fe87e6_nohash_0|one
5a0bc987_nohash_0|one
5a3fc246_nohash_0|one
5a5721f8_nohash_0|one
5a5721f8_nohash_1|one
5a5721f8_nohash_2|one
5a5721f8_nohash_3|one
5a5721f8_nohash_4|one
5a98d407_nohash_0|one
5a98d407_nohash_1|one
5a98d407_nohash_2|one
5a98d407_nohash_3|one
5ac04a92_nohash_0|one
5ac04a92_nohash_1|one
5af0ca83_nohash_0|one
5af0ca83_nohash_1|one
5b09db89_nohash_0|one
5b09db89_nohash_1|one
5b09db89_nohash_2|one
5b09db89_nohash_3|one
5b09db89_nohash_4|one
5b1db3ee_nohash_0|one
5b26c81b_nohash_0|one
5b26c81b_nohash_1|one
5ba724a7_nohash_0|one
5ba724a7_nohash_1|one
5bf1f1cb_nohash_0|one
5c237956_nohash_0|one
5c237956_nohash_1|one
5c39594f_nohash_0|one
5c39594f_nohash_1|one
5c39594f_nohash_2|one
5c39594f_nohash_3|one
5c8af87a_nohash_0|one
5c8af87a_nohash_1|one
5c8af87a_nohash_2|one
5c8af87a_nohash_3|one
5c8af87a_nohash_4|one
5cf1ecce_nohash_0|one
5cf1ecce_nohash_1|one
5cf1ecce_nohash_2|one
5cf1ecce_nohash_3|one
5cf1ecce_nohash_4|one
5d4e3bb8_nohash_0|one
5d9bb361_nohash_0|one
5db0e146_nohash_0|one
5de3f6cc_nohash_0|one
5de8f2f0_nohash_0|one
5e033479_nohash_0|one
5e033479_nohash_1|one
5e25eeef_nohash_0|one
5e3b7a84_nohash_0|one
5e3dde6b_nohash_0|one
5e3dde6b_nohash_1|one
5e3dde6b_nohash_2|one
5ebc1cda_nohash_0|one
5ebc1cda_nohash_1|one
5ebc1cda_nohash_2|one
5ebc1cda_nohash_3|one
5ebc1cda_nohash_4|one
5ebc1cda_nohash_5|one
5ef35194_nohash_0|one
5efb758c_nohash_0|one
5efb758c_nohash_1|one
5efb758c_nohash_2|one
5f01c798_nohash_0|one
5f5eef60_nohash_0|one
5f5eef60_nohash_1|one
5f5eef60_nohash_2|one
5f8097e1_nohash_0|one
5f8097e1_nohash_1|one
5f8097e1_nohash_2|one
5f8097e1_nohash_3|one
5f814c23_nohash_0|one
5f8e50a0_nohash_0|one
5f9cd2eb_nohash_0|one
5f9cd2eb_nohash_1|one
5f9cd2eb_nohash_2|one
5f9cd2eb_nohash_3|one
5f9cd2eb_nohash_4|one
5f9cd2eb_nohash_5|one
5f9cd2eb_nohash_6|one
5f9cd2eb_nohash_7|one
5fadb538_nohash_0|one
5fadb538_nohash_1|one
5fadb538_nohash_2|one
5fadb538_nohash_3|one
5fb88f4c_nohash_0|one
5fc3ed24_nohash_0|one
5fe4a278_nohash_0|one
5ff3f9a1_nohash_0|one
5ff3f9a1_nohash_1|one
6021f08b_nohash_0|one
6021f08b_nohash_1|one
611d2b50_nohash_0|one
611d2b50_nohash_1|one
611d2b50_nohash_2|one
611d2b50_nohash_3|one
611d2b50_nohash_4|one
6124b431_nohash_0|one
6124b431_nohash_1|one
6124b431_nohash_2|one
6124b431_nohash_3|one
61482e52_nohash_0|one
61482e52_nohash_1|one
61482e52_nohash_2|one
616420be_nohash_0|one
616420be_nohash_1|one
616420be_nohash_2|one
616420be_nohash_3|one
616420be_nohash_4|one
6166ae21_nohash_0|one
6166ae21_nohash_1|one
617aeb6c_nohash_0|one
617aeb6c_nohash_1|one
617aeb6c_nohash_2|one
617aeb6c_nohash_3|one
617aeb6c_nohash_4|one
617de221_nohash_0|one
617de221_nohash_1|one
617de221_nohash_2|one
617de221_nohash_3|one
617de221_nohash_4|one
619b5164_nohash_0|one
61a0d340_nohash_0|one
61ab8fbc_nohash_0|one
61ab8fbc_nohash_1|one
61ab8fbc_nohash_2|one
61ab8fbc_nohash_3|one
61ab8fbc_nohash_4|one
61abbf52_nohash_0|one
61abbf52_nohash_1|one
61abbf52_nohash_2|one
61abbf52_nohash_3|one
61bcb275_nohash_0|one
61bcb275_nohash_1|one
61e2f74f_nohash_0|one
61e2f74f_nohash_1|one
61e2f74f_nohash_2|one
61e2f74f_nohash_3|one
61e2f74f_nohash_4|one
61e50f62_nohash_0|one
6205088b_nohash_0|one
6205088b_nohash_1|one
62581901_nohash_0|one
62581901_nohash_1|one
625fd898_nohash_0|one
62605293_nohash_0|one
62641b88_nohash_0|one
6272b231_nohash_0|one
6272b231_nohash_1|one
62b7c848_nohash_0|one
62f05757_nohash_0|one
62f05757_nohash_1|one
62f05757_nohash_2|one
62f05757_nohash_3|one
62f05757_nohash_4|one
6301e683_nohash_0|one
6347b393_nohash_0|one
6366f61a_nohash_0|one
6366f61a_nohash_1|one
637c702a_nohash_0|one
63996b7c_nohash_0|one
63ae15e4_nohash_0|one
63f7a489_nohash_0|one
63f7a489_nohash_1|one
63f7a489_nohash_2|one
6414258b_nohash_0|one
64220627_nohash_0|one
645ed69d_nohash_0|one
645ed69d_nohash_1|one
645ed69d_nohash_2|one
645ed69d_nohash_3|one
645ed69d_nohash_4|one
64a80906_nohash_0|one
64da5281_nohash_0|one
64df20d8_nohash_0|one
64df20d8_nohash_1|one
64df20d8_nohash_2|one
64df20d8_nohash_3|one
64df20d8_nohash_4|one
64e48f55_nohash_0|one
64e48f55_nohash_1|one
64e48f55_nohash_2|one
64e48f55_nohash_3|one
65040d9b_nohash_0|one
65040d9b_nohash_1|one
650daf8e_nohash_0|one
651d108f_nohash_0|one
651d108f_nohash_1|one
652b3da7_nohash_0|one
652b3da7_nohash_1|one
653a48f5_nohash_0|one
653a48f5_nohash_1|one
653a48f5_nohash_2|one
653a48f5_nohash_3|one
6565a81d_nohash_0|one
6565a81d_nohash_1|one
6565a81d_nohash_2|one
6565a81d_nohash_3|one
6565a81d_nohash_4|one
659b7fae_nohash_0|one
65d14087_nohash_0|one
65d14087_nohash_1|one
65d14087_nohash_2|one
65d81c54_nohash_0|one
65d844fc_nohash_0|one
65d844fc_nohash_1|one
65d844fc_nohash_2|one
65ec06e5_nohash_0|one
65f2531f_nohash_0|one
65f2531f_nohash_1|one
66276b0e_nohash_0|one
66276b0e_nohash_1|one
6640fdc0_nohash_0|one
66aa0f29_nohash_0|one
66cff190_nohash_0|one
66cff190_nohash_1|one
6727b579_nohash_0|one
6727b579_nohash_1|one
6727b579_nohash_2|one
676f8138_nohash_0|one
676f8138_nohash_1|one
676f8138_nohash_2|one
676f8138_nohash_3|one
679463fc_nohash_0|one
679463fc_nohash_1|one
679463fc_nohash_2|one
679463fc_nohash_3|one
6794a793_nohash_0|one
6794a793_nohash_1|one
67bdbf56_nohash_0|one
67bdbf56_nohash_1|one
67bdbf56_nohash_2|one
67bdbf56_nohash_3|one
6823565f_nohash_0|one
6823565f_nohash_1|one
6823565f_nohash_2|one
6823565f_nohash_3|one
682e1687_nohash_0|one
682e1687_nohash_1|one
6846af18_nohash_0|one
686d030b_nohash_0|one
686d030b_nohash_1|one
686d030b_nohash_2|one
686d030b_nohash_3|one
68effe85_nohash_0|one
68effe85_nohash_1|one
6904f0cb_nohash_0|one
69086eb0_nohash_0|one
692a88e6_nohash_0|one
692a88e6_nohash_1|one
692a88e6_nohash_2|one
692a88e6_nohash_3|one
692a88e6_nohash_4|one
692a88e6_nohash_5|one
6940f7f3_nohash_0|one
6940f7f3_nohash_1|one
695c2127_nohash_0|one
6969e51a_nohash_0|one
6969e51a_nohash_1|one
6969e51a_nohash_2|one
69953f48_nohash_0|one
69a1a79f_nohash_0|one
69a1a79f_nohash_1|one
69a1a79f_nohash_2|one
69a1a79f_nohash_3|one
69a1a79f_nohash_4|one
69f609ec_nohash_0|one
69f609ec_nohash_1|one
6a27a9bf_nohash_0|one
6a27a9bf_nohash_1|one
6a497f80_nohash_0|one
6a497f80_nohash_1|one
6a700f9d_nohash_0|one
6a700f9d_nohash_1|one
6a700f9d_nohash_2|one
6aa8def4_nohash_0|one
6aa8def4_nohash_1|one
6aa8def4_nohash_2|one
6aa8def4_nohash_3|one
6aa8def4_nohash_4|one
6aafb34f_nohash_0|one
6ace4fe1_nohash_0|one
6ace4fe1_nohash_1|one
6ace4fe1_nohash_2|one
6ace4fe1_nohash_3|one
6ace4fe1_nohash_4|one
6adb8ad9_nohash_0|one
6adb8ad9_nohash_1|one
6adb8ad9_nohash_2|one
6add0595_nohash_0|one
6add0595_nohash_1|one
6add0595_nohash_2|one
6bf5baf3_nohash_0|one
6bf5baf3_nohash_1|one
6bf5baf3_nohash_2|one
6bf5baf3_nohash_3|one
6bf5baf3_nohash_4|one
6c0f6493_nohash_0|one
6c0f6493_nohash_1|one
6c0f6493_nohash_2|one
6c429c7b_nohash_0|one
6c429c7b_nohash_1|one
6c429c7b_nohash_2|one
6c429c7b_nohash_3|one
6c429c7b_nohash_4|one
6c9223bd_nohash_0|one
6c9223bd_nohash_1|one
6c9223bd_nohash_2|one
6c968bd9_nohash_0|one
6c968bd9_nohash_1|one
6c968bd9_nohash_2|one
6c968bd9_nohash_3|one
6c968bd9_nohash_4|one
6c9a1ac2_nohash_0|one
6cb6eee7_nohash_0|one
6cc28ce5_nohash_0|one
6cc28ce5_nohash_1|one
6d2d3b0d_nohash_0|one
6d2d3b0d_nohash_1|one
6d2d3b0d_nohash_2|one
6d7af359_nohash_0|one
6dac5dfe_nohash_0|one
6e74c582_nohash_0|one
6e899c9a_nohash_0|one
6e916de8_nohash_0|one
6ef407da_nohash_0|one
6ef407da_nohash_1|one
6ef407da_nohash_2|one
6ef407da_nohash_3|one
6ef407da_nohash_4|one
6f1ffef6_nohash_0|one
6f2f57c1_nohash_0|one
6f342826_nohash_0|one
6f342826_nohash_1|one
6f5b4d3d_nohash_0|one
6f689791_nohash_0|one
6f7724f5_nohash_0|one
6f9088d7_nohash_0|one
6fb3d5a7_nohash_0|one
6fb3d5a7_nohash_1|one
6fb3d5a7_nohash_2|one
6fb3d5a7_nohash_3|one
6fca237d_nohash_0|one
7081436f_nohash_0|one
7081436f_nohash_1|one
70880cc6_nohash_0|one
708a9569_nohash_0|one
708a9569_nohash_1|one
708a9569_nohash_2|one
70a00e98_nohash_0|one
70a00e98_nohash_1|one
70a00e98_nohash_2|one
70a00e98_nohash_3|one
70a00e98_nohash_4|one
70b0ccf4_nohash_0|one
712e4d58_nohash_0|one
712e4d58_nohash_1|one
716757ce_nohash_0|one
716757ce_nohash_1|one
71904de3_nohash_0|one
71904de3_nohash_1|one
71904de3_nohash_2|one
7192fddc_nohash_0|one
7195ffa6_nohash_0|one
71aa5b54_nohash_0|one
71aa5b54_nohash_1|one
71bf8f48_nohash_0|one
71d0ded4_nohash_0|one
71d0ded4_nohash_1|one
71d0ded4_nohash_2|one
71d0ded4_nohash_3|one
71d0ded4_nohash_4|one
71e6ab20_nohash_0|one
71e6ab20_nohash_1|one
71f9bba8_nohash_0|one
7211390b_nohash_0|one
7211390b_nohash_1|one
7211390b_nohash_2|one
7211390b_nohash_3|one
7211390b_nohash_4|one
7213ed54_nohash_0|one
7213ed54_nohash_1|one
7213ed54_nohash_2|one
7213ed54_nohash_3|one
7213ed54_nohash_4|one
72242187_nohash_0|one
72242187_nohash_1|one
72242187_nohash_2|one
72242187_nohash_3|one
72242187_nohash_4|one
72320401_nohash_0|one
723efc4c_nohash_0|one
7257420c_nohash_0|one
726382d6_nohash_0|one
726382d6_nohash_1|one
72aa7259_nohash_0|one
72ca6a6d_nohash_0|one
72e382bd_nohash_0|one
72e382bd_nohash_1|one
72e382bd_nohash_2|one
72e382bd_nohash_3|one
72e382bd_nohash_4|one
73124b26_nohash_0|one
73124b26_nohash_1|one
7318280c_nohash_0|one
735845ab_nohash_0|one
735845ab_nohash_1|one
735845ab_nohash_2|one
735845ab_nohash_3|one
735845ab_nohash_4|one
73af0c50_nohash_0|one
73af0c50_nohash_1|one
73cccfaf_nohash_0|one
73f20b00_nohash_0|one
73f20b00_nohash_1|one
73f20b00_nohash_2|one
73f20b00_nohash_3|one
74241b28_nohash_0|one
74241b28_nohash_1|one
74241b28_nohash_2|one
74241b28_nohash_3|one
742d6431_nohash_0|one
742d6431_nohash_1|one
742d6431_nohash_2|one
742d6431_nohash_3|one
742d6431_nohash_4|one
743edf9d_nohash_0|one
743edf9d_nohash_1|one
74551073_nohash_0|one
75b631ff_nohash_0|one
75b631ff_nohash_1|one
75b631ff_nohash_2|one
7622d95b_nohash_0|one
7622d95b_nohash_1|one
763188c4_nohash_0|one
763188c4_nohash_1|one
763188c4_nohash_2|one
763188c4_nohash_3|one
76424fa5_nohash_0|one
765ffccb_nohash_0|one
76b58705_nohash_0|one
76b58705_nohash_1|one
76b58705_nohash_2|one
76e53db9_nohash_0|one
772db621_nohash_0|one
773e26f7_nohash_0|one
773e26f7_nohash_1|one
77655bdf_nohash_0|one
778a4a01_nohash_0|one
778a4a01_nohash_1|one
7799c9cd_nohash_0|one
7799c9cd_nohash_1|one
779de043_nohash_0|one
779de043_nohash_1|one
779de043_nohash_2|one
779de043_nohash_3|one
77def3ee_nohash_0|one
78030270_nohash_0|one
78030270_nohash_1|one
78102205_nohash_0|one
7846fd85_nohash_0|one
7846fd85_nohash_1|one
7846fd85_nohash_2|one
7846fd85_nohash_3|one
784e281a_nohash_0|one
794cdfc5_nohash_0|one
794cdfc5_nohash_1|one
794cdfc5_nohash_2|one
79903546_nohash_0|one
79b37d3a_nohash_0|one
7a49163e_nohash_0|one
7a5530c9_nohash_0|one
7a5530c9_nohash_1|one
7add4c5f_nohash_0|one
7be5a0f3_nohash_0|one
7be5a0f3_nohash_1|one
7be9f58a_nohash_0|one
7bf801d1_nohash_0|one
7bf801d1_nohash_1|one
7c1d8533_nohash_0|one
7c1d8533_nohash_1|one
7c1d8533_nohash_2|one
7c1d8533_nohash_3|one
7c2a3fa4_nohash_0|one
7c2a3fa4_nohash_1|one
7c75a504_nohash_0|one
7c83c5f6_nohash_0|one
7c83c5f6_nohash_1|one
7c83c5f6_nohash_2|one
7c83c5f6_nohash_3|one
7c83c5f6_nohash_4|one
7ca023e2_nohash_0|one
7cf14c54_nohash_0|one
7cf14c54_nohash_1|one
7cf14c54_nohash_2|one
7d149b38_nohash_0|one
7d149b38_nohash_1|one
7d4beb11_nohash_0|one
7d6b4b10_nohash_0|one
7d6b4b10_nohash_1|one
7d6b4b10_nohash_2|one
7d6b4b10_nohash_3|one
7d86b703_nohash_0|one
7d86b703_nohash_1|one
7d86b703_nohash_2|one
7d8babdb_nohash_0|one
7dc50b88_nohash_0|one
7de97453_nohash_0|one
7de97453_nohash_1|one
7e2d5caf_nohash_0|one
7e783e3f_nohash_0|one
7e7ca854_nohash_0|one
7e7ca854_nohash_1|one
7e7ca854_nohash_2|one
7e7ca854_nohash_3|one
7e7ca854_nohash_4|one
7ea032f3_nohash_0|one
7ea032f3_nohash_1|one
7ea032f3_nohash_2|one
7ea032f3_nohash_3|one
7f208e83_nohash_0|one
7f74626f_nohash_0|one
7f74626f_nohash_1|one
7f74626f_nohash_2|one
7f74626f_nohash_3|one
7f74626f_nohash_4|one
7f9eb952_nohash_0|one
7f9eb952_nohash_1|one
7f9eb952_nohash_2|one
7f9eb952_nohash_3|one
7fa5fa1f_nohash_0|one
7fb8d703_nohash_0|one
7fb8d703_nohash_1|one
7fb8d703_nohash_2|one
7fb8d703_nohash_3|one
7fb8d703_nohash_4|one
7fd25f7c_nohash_0|one
7fd25f7c_nohash_1|one
7fd25f7c_nohash_2|one
7fd25f7c_nohash_3|one
7ff4fc72_nohash_0|one
8012c69d_nohash_0|one
8012c69d_nohash_1|one
8012c69d_nohash_2|one
8012c69d_nohash_3|one
8056e897_nohash_0|one
80c17118_nohash_0|one
80c17118_nohash_1|one
80c17118_nohash_2|one
80fe1dc7_nohash_0|one
81332c92_nohash_0|one
81332c92_nohash_1|one
81332c92_nohash_2|one
81332c92_nohash_3|one
81332c92_nohash_4|one
8134f43f_nohash_0|one
8134f43f_nohash_1|one
8134f43f_nohash_2|one
8134f43f_nohash_3|one
8134f43f_nohash_4|one
815f0f03_nohash_0|one
815f0f03_nohash_1|one
81898f68_nohash_0|one
81898f68_nohash_1|one
81a345a3_nohash_0|one
81dc4a94_nohash_0|one
81dc4a94_nohash_1|one
81dc4a94_nohash_2|one
821b64cc_nohash_0|one
821b64cc_nohash_1|one
821b64cc_nohash_2|one
82305c3a_nohash_0|one
82305c3a_nohash_1|one
82305c3a_nohash_2|one
823353e5_nohash_0|one
824e8ce5_nohash_0|one
825f450d_nohash_0|one
8281a2a8_nohash_0|one
8281a2a8_nohash_1|one
8281a2a8_nohash_2|one
8281a2a8_nohash_3|one
8281a2a8_nohash_4|one
82b99576_nohash_0|one
82b99576_nohash_1|one
82d0d3ba_nohash_0|one
82e583e7_nohash_0|one
8335f893_nohash_0|one
8335f893_nohash_1|one
833a0279_nohash_0|one
833a0279_nohash_1|one
833d9f56_nohash_0|one
833d9f56_nohash_1|one
833d9f56_nohash_2|one
833d9f56_nohash_3|one
833d9f56_nohash_4|one
834f03fe_nohash_0|one
834f03fe_nohash_1|one
834f03fe_nohash_2|one
834f03fe_nohash_3|one
837a0f64_nohash_0|one
837a0f64_nohash_1|one
837a0f64_nohash_2|one
837a0f64_nohash_3|one
837f7378_nohash_0|one
83f9c4ab_nohash_0|one
840c366d_nohash_0|one
8442ea62_nohash_0|one
845f8553_nohash_0|one
845f8553_nohash_1|one
845f8553_nohash_2|one
845f8553_nohash_3|one
848e7f6e_nohash_0|one
8494fba8_nohash_0|one
8494fba8_nohash_1|one
8494fba8_nohash_2|one
84999496_nohash_0|one
84bf12ff_nohash_0|one
850e2222_nohash_0|one
8523766b_nohash_0|one
8536c82d_nohash_0|one
8549f25d_nohash_0|one
856eb138_nohash_0|one
856eb138_nohash_1|one
856eb138_nohash_2|one
856eb138_nohash_3|one
856eb138_nohash_4|one
85851131_nohash_0|one
85851131_nohash_1|one
85851131_nohash_2|one
85851131_nohash_3|one
85ac0c1b_nohash_0|one
85b877b5_nohash_0|one
85b877b5_nohash_1|one
85b877b5_nohash_2|one
85c60942_nohash_0|one
85d2ac4b_nohash_0|one
8601f33b_nohash_0|one
8625475c_nohash_0|one
863880b7_nohash_0|one
863880b7_nohash_1|one
86478fab_nohash_0|one
86648261_nohash_0|one
86648261_nohash_1|one
87070229_nohash_0|one
87070229_nohash_1|one
87070229_nohash_2|one
87070229_nohash_3|one
87070229_nohash_4|one
8769c34c_nohash_0|one
8769c34c_nohash_1|one
8769c34c_nohash_2|one
8769c34c_nohash_3|one
876c84d6_nohash_0|one
876c84d6_nohash_1|one
876c84d6_nohash_2|one
8781f4c1_nohash_0|one
878befa7_nohash_0|one
878befa7_nohash_1|one
879a2b38_nohash_0|one
879a2b38_nohash_1|one
879a2b38_nohash_2|one
879a2b38_nohash_3|one
87c62767_nohash_0|one
87c62767_nohash_1|one
87d5e978_nohash_0|one
87d5e978_nohash_1|one
87d5e978_nohash_2|one
87d5e978_nohash_3|one
88120683_nohash_0|one
881583a6_nohash_0|one
888a0c49_nohash_0|one
888a0c49_nohash_1|one
888a0c49_nohash_2|one
888a0c49_nohash_3|one
888a0c49_nohash_4|one
88a487ce_nohash_0|one
88a487ce_nohash_1|one
88a487ce_nohash_2|one
88d009d2_nohash_0|one
88e85150_nohash_0|one
88f3719f_nohash_0|one
88f3719f_nohash_1|one
88f3719f_nohash_2|one
890cc926_nohash_0|one
890cc926_nohash_1|one
890cc926_nohash_2|one
890cc926_nohash_3|one
890cc926_nohash_4|one
890e4ee2_nohash_0|one
8910e5ef_nohash_0|one
8910e5ef_nohash_1|one
8910e5ef_nohash_2|one
8910e5ef_nohash_3|one
8931f494_nohash_0|one
893705bb_nohash_0|one
893705bb_nohash_1|one
893705bb_nohash_2|one
893705bb_nohash_3|one
893705bb_nohash_4|one
893705bb_nohash_5|one
89947bd7_nohash_0|one
89947bd7_nohash_1|one
89947bd7_nohash_2|one
89947bd7_nohash_3|one
89d6d11e_nohash_0|one
89d6d11e_nohash_1|one
89e59d18_nohash_0|one
89e59d18_nohash_1|one
89ed36ab_nohash_0|one
89f3ab7d_nohash_0|one
89f680f3_nohash_0|one
89f680f3_nohash_1|one
8a1c449e_nohash_0|one
8a1c449e_nohash_1|one
8a28231e_nohash_0|one
8a325749_nohash_0|one
8a56f36e_nohash_0|one
8a744054_nohash_0|one
8a744054_nohash_1|one
8a8756a4_nohash_0|one
8a90cf67_nohash_0|one
8a90cf67_nohash_1|one
8a90cf67_nohash_2|one
8a90cf67_nohash_3|one
8aa35b0c_nohash_0|one
8b25410a_nohash_0|one
8b25410a_nohash_1|one
8b25410a_nohash_2|one
8b25410a_nohash_3|one
8b25410a_nohash_4|one
8b775397_nohash_0|one
8bf6acb9_nohash_0|one
8bf6acb9_nohash_1|one
8c4854bc_nohash_0|one
8c7c9168_nohash_0|one
8c7f81df_nohash_0|one
8c888bbb_nohash_0|one
8d4cdc60_nohash_0|one
8d4cdc60_nohash_1|one
8d5d076d_nohash_0|one
8d5d076d_nohash_1|one
8d5d076d_nohash_2|one
8d8d9855_nohash_0|one
8d8d9855_nohash_1|one
8d9cc260_nohash_0|one
8dc18a75_nohash_0|one
8dc18a75_nohash_1|one
8dc18a75_nohash_2|one
8dc18a75_nohash_3|one
8dd788d8_nohash_0|one
8e05039f_nohash_0|one
8e05039f_nohash_1|one
8e05039f_nohash_2|one
8e05039f_nohash_3|one
8e05039f_nohash_4|one
8e523821_nohash_0|one
8e523821_nohash_1|one
8e523821_nohash_2|one
8e523821_nohash_3|one
8e523821_nohash_4|one
8e884ec4_nohash_0|one
8e884ec4_nohash_1|one
8e884ec4_nohash_2|one
8ea22de7_nohash_0|one
8ea6dec6_nohash_0|one
8eb4a1bf_nohash_0|one
8eb4a1bf_nohash_1|one
8eb4a1bf_nohash_2|one
8eb4a1bf_nohash_3|one
8eb4a1bf_nohash_4|one
8f3f252c_nohash_0|one
8f447c3e_nohash_0|one
8f4c551f_nohash_0|one
8f4c551f_nohash_1|one
8f811bbc_nohash_0|one
8fce59ff_nohash_0|one
8fce59ff_nohash_1|one
8fe52b97_nohash_0|one
8fe67225_nohash_0|one
8fe67225_nohash_1|one
8fe67225_nohash_2|one
8fe67225_nohash_3|one
8ff44869_nohash_0|one
90645155_nohash_0|one
90b0b91a_nohash_0|one
90e72357_nohash_0|one
90e72357_nohash_1|one
90e72357_nohash_2|one
90e72357_nohash_3|one
9151f184_nohash_0|one
9151f184_nohash_1|one
9151f184_nohash_2|one
9151f184_nohash_3|one
9190045a_nohash_0|one
9190045a_nohash_1|one
919d3c0e_nohash_0|one
91b03183_nohash_0|one
91b03183_nohash_1|one
91b03183_nohash_2|one
91b03183_nohash_3|one
91b03183_nohash_4|one
91bed2e0_nohash_0|one
91cdef62_nohash_0|one
91ffb786_nohash_0|one
91ffb786_nohash_1|one
91ffb786_nohash_2|one
91ffb786_nohash_3|one
924c1a04_nohash_0|one
92521ccc_nohash_0|one
92a9c5e6_nohash_0|one
92a9c5e6_nohash_1|one
92a9c5e6_nohash_2|one
92a9c5e6_nohash_3|one
92a9c5e6_nohash_4|one
92b0a735_nohash_0|one
92b0a735_nohash_1|one
92b0a735_nohash_2|one
9331d34b_nohash_0|one
93b62ffd_nohash_0|one
93ec8b84_nohash_0|one
93ec8b84_nohash_1|one
94403ad3_nohash_0|one
9448c397_nohash_0|one
9448c397_nohash_1|one
9448c397_nohash_2|one
9448c397_nohash_3|one
9448c397_nohash_4|one
94d370bf_nohash_0|one
94d370bf_nohash_1|one
94d370bf_nohash_2|one
94d370bf_nohash_3|one
94d370bf_nohash_4|one
94de6a6a_nohash_0|one
94de6a6a_nohash_1|one
94de6a6a_nohash_2|one
94de6a6a_nohash_3|one
951cac20_nohash_0|one
95218ce8_nohash_0|one
95299b6c_nohash_0|one
953fe1ad_nohash_0|one
953fe1ad_nohash_1|one
953fe1ad_nohash_2|one
953fe1ad_nohash_3|one
953fe1ad_nohash_4|one
954f190f_nohash_0|one
954f190f_nohash_1|one
954f190f_nohash_2|one
954f190f_nohash_3|one
954f190f_nohash_4|one
9587481f_nohash_0|one
95ba4996_nohash_0|one
964c7c9e_nohash_0|one
964e8cfd_nohash_0|one
964e8cfd_nohash_1|one
964e8cfd_nohash_2|one
964e8cfd_nohash_3|one
964e8cfd_nohash_4|one
96a48d28_nohash_0|one
96a48d28_nohash_1|one
96a48d28_nohash_2|one
96a48d28_nohash_3|one
96a48d28_nohash_4|one
96c66ab7_nohash_0|one
96cd0255_nohash_0|one
96cd0255_nohash_1|one
96cd0255_nohash_2|one
96d8bb6f_nohash_0|one
96d8bb6f_nohash_1|one
96d8bb6f_nohash_2|one
96d8bb6f_nohash_3|one
96d8bb6f_nohash_4|one
96de5e7f_nohash_0|one
9735764a_nohash_0|one
9735764a_nohash_1|one
978240e1_nohash_0|one
978240e1_nohash_1|one
978240e1_nohash_2|one
978240e1_nohash_3|one
978240e1_nohash_4|one
9785931e_nohash_0|one
9785931e_nohash_1|one
97ae8b25_nohash_0|one
97cbf436_nohash_0|one
97e0c576_nohash_0|one
97f4c236_nohash_0|one
97f4c236_nohash_1|one
97f4c236_nohash_2|one
97f4c236_nohash_3|one
97f4c236_nohash_4|one
98447c43_nohash_0|one
98582fee_nohash_0|one
9886d8bf_nohash_0|one
9886d8bf_nohash_1|one
9886d8bf_nohash_2|one
9886d8bf_nohash_3|one
9886d8bf_nohash_4|one
988e2f9a_nohash_0|one
989a2213_nohash_0|one
989a2213_nohash_1|one
989a2213_nohash_2|one
98ea0818_nohash_0|one
98ea0818_nohash_1|one
98ea0818_nohash_2|one
98ea0818_nohash_3|one
98ea0818_nohash_4|one
98ea0818_nohash_5|one
98f4f088_nohash_0|one
99081f4d_nohash_0|one
997867e7_nohash_0|one
99a9b015_nohash_0|one
99a9b015_nohash_1|one
99fad6a0_nohash_0|one
99fad6a0_nohash_1|one
9a2e5b3c_nohash_0|one
9a3f97f8_nohash_0|one
9a3f97f8_nohash_1|one
9a4d12fd_nohash_0|one
9a5db2cb_nohash_0|one
9a69672b_nohash_0|one
9a69672b_nohash_1|one
9a69672b_nohash_2|one
9a69672b_nohash_3|one
9a76f8c3_nohash_0|one
9a76f8c3_nohash_1|one
9a76f8c3_nohash_2|one
9a76f8c3_nohash_3|one
9a76f8c3_nohash_4|one
9a7c1f83_nohash_0|one
9a7c1f83_nohash_1|one
9a7c1f83_nohash_2|one
9a7c1f83_nohash_3|one
9aa21fa9_nohash_0|one
9aa21fa9_nohash_1|one
9aa21fa9_nohash_2|one
9aa21fa9_nohash_3|one
9aa21fa9_nohash_4|one
9acd0254_nohash_0|one
9b027ecf_nohash_0|one
9b02d503_nohash_0|one
9b02d503_nohash_1|one
9b02d503_nohash_2|one
9b02d503_nohash_3|one
9b3ea809_nohash_0|one
9b3ea809_nohash_1|one
9b402bc2_nohash_0|one
9b5815cd_nohash_0|one
9b5815cd_nohash_1|one
9b5815cd_nohash_2|one
9b5815cd_nohash_3|one
9b8a7439_nohash_0|one
9b8a7439_nohash_1|one
9b8a7439_nohash_2|one
9b8a7439_nohash_3|one
9b8a7439_nohash_4|one
9be15e93_nohash_0|one
9be15e93_nohash_1|one
9be15e93_nohash_2|one
9be15e93_nohash_3|one
9be15e93_nohash_4|one
9bea2ac7_nohash_0|one
9c06a3f3_nohash_0|one
9c06a3f3_nohash_1|one
9c24bc76_nohash_0|one
9c59dd28_nohash_0|one
9cde5de8_nohash_0|one
9d050657_nohash_0|one
9d32f10a_nohash_0|one
9d7036f9_nohash_0|one
9d8ac38b_nohash_0|one
9db2bfe9_nohash_0|one
9dc1889e_nohash_0|one
9dcfba4b_nohash_0|one
9dcfba4b_nohash_1|one
9dcfba4b_nohash_2|one
9e42ae25_nohash_0|one
9e46cfa1_nohash_0|one
9e46cfa1_nohash_1|one
9e46cfa1_nohash_2|one
9e46cfa1_nohash_3|one
9e6bb505_nohash_0|one
9e92ef0c_nohash_0|one
9e92ef0c_nohash_1|one
9e92ef0c_nohash_2|one
9e92ef0c_nohash_3|one
9ef5db3c_nohash_0|one
9ef5db3c_nohash_1|one
9f4098cb_nohash_0|one
9f4098cb_nohash_1|one
9f63152b_nohash_0|one
9f63152b_nohash_1|one
9f7079fe_nohash_0|one
9f93e408_nohash_0|one
9f93e408_nohash_1|one
9f93e408_nohash_2|one
9fa86a74_nohash_0|one
9fac5701_nohash_0|one
9fac5701_nohash_1|one
9fac5701_nohash_2|one
9fac5701_nohash_3|one
9ff1b8b6_nohash_0|one
9ff1b8b6_nohash_1|one
9ff1b8b6_nohash_2|one
9ff2d2f4_nohash_0|one
9ff2d2f4_nohash_1|one
9ff2d2f4_nohash_2|one
a045368c_nohash_0|one
a045368c_nohash_1|one
a045368c_nohash_2|one
a045368c_nohash_3|one
a04817c2_nohash_0|one
a04817c2_nohash_1|one
a04817c2_nohash_2|one
a04817c2_nohash_3|one
a04817c2_nohash_4|one
a05a90c1_nohash_0|one
a05a90c1_nohash_1|one
a05a90c1_nohash_2|one
a05a90c1_nohash_3|one
a0f93943_nohash_0|one
a108341b_nohash_0|one
a108341b_nohash_1|one
a108341b_nohash_2|one
a16013b7_nohash_0|one
a16013b7_nohash_1|one
a16013b7_nohash_2|one
a16b3102_nohash_0|one
a16b3102_nohash_1|one
a19452d5_nohash_0|one
a1a59b72_nohash_0|one
a1c63f25_nohash_0|one
a1cf7fd8_nohash_0|one
a1cf7fd8_nohash_1|one
a1cf7fd8_nohash_2|one
a1cff772_nohash_0|one
a1cff772_nohash_1|one
a1cff772_nohash_2|one
a1cff772_nohash_3|one
a1cff772_nohash_4|one
a1dd919f_nohash_0|one
a1e71565_nohash_0|one
a1e71565_nohash_1|one
a1e71565_nohash_2|one
a1e71565_nohash_3|one
a243fcc2_nohash_0|one
a243fcc2_nohash_1|one
a24582a0_nohash_0|one
a2473d62_nohash_0|one
a2473d62_nohash_1|one
a2473d62_nohash_2|one
a2473d62_nohash_3|one
a293e285_nohash_0|one
a2b16113_nohash_0|one
a2cc5444_nohash_0|one
a2cc5444_nohash_1|one
a2cc5444_nohash_2|one
a2cc5444_nohash_3|one
a3255f5c_nohash_0|one
a3fc7884_nohash_0|one
a40c62f1_nohash_0|one
a42a88ff_nohash_0|one
a489191a_nohash_0|one
a489191a_nohash_1|one
a4c938ce_nohash_0|one
a518d1cf_nohash_0|one
a55105d0_nohash_0|one
a55105d0_nohash_1|one
a55105d0_nohash_2|one
a55105d0_nohash_3|one
a55105d0_nohash_4|one
a583c5b0_nohash_0|one
a591c2ea_nohash_0|one
a5d1becc_nohash_0|one
a5d1becc_nohash_1|one
a5d1becc_nohash_2|one
a5d1becc_nohash_3|one
a5d485dc_nohash_0|one
a5d485dc_nohash_1|one
a62f807b_nohash_0|one
a6d586b7_nohash_0|one
a6d586b7_nohash_1|one
a6d586b7_nohash_2|one
a6d586b7_nohash_3|one
a6d586b7_nohash_4|one
a6f2fd71_nohash_0|one
a6f2fd71_nohash_1|one
a6f2fd71_nohash_2|one
a6f2fd71_nohash_3|one
a6f2fd71_nohash_4|one
a709ddd3_nohash_0|one
a709ddd3_nohash_1|one
a7200079_nohash_0|one
a7200079_nohash_1|one
a7200079_nohash_2|one
a7200079_nohash_3|one
a7200079_nohash_4|one
a7200079_nohash_5|one
a7216980_nohash_0|one
a7216980_nohash_1|one
a73be046_nohash_0|one
a7545b9f_nohash_0|one
a77fbcfd_nohash_0|one
a77fbcfd_nohash_1|one
a77fbcfd_nohash_2|one
a77fbcfd_nohash_3|one
a7acbbeb_nohash_0|one
a7acbbeb_nohash_1|one
a7acbbeb_nohash_2|one
a7acbbeb_nohash_3|one
a7dd45cf_nohash_0|one
a7dd45cf_nohash_1|one
a827e3a1_nohash_0|one
a8cb6dda_nohash_0|one
a8cf01bc_nohash_0|one
a8ee11c7_nohash_0|one
a928cc5b_nohash_0|one
a928cc5b_nohash_1|one
a929f9b9_nohash_0|one
a929f9b9_nohash_1|one
a929f9b9_nohash_2|one
a929f9b9_nohash_3|one
a929f9b9_nohash_4|one
a97017df_nohash_0|one
a996cf66_nohash_0|one
a996cf66_nohash_1|one
a996cf66_nohash_2|one
a9b574b3_nohash_0|one
a9ca1818_nohash_0|one
a9ca1818_nohash_1|one
a9ca1818_nohash_2|one
a9ca1818_nohash_3|one
a9ca1818_nohash_4|one
a9f38bae_nohash_0|one
aa109cfb_nohash_0|one
aa109cfb_nohash_1|one
aa233654_nohash_0|one
aa48c94a_nohash_0|one
aa62fdad_nohash_0|one
aa62fdad_nohash_1|one
aa62fdad_nohash_2|one
aa80f517_nohash_0|one
aa80f517_nohash_1|one
aa80f517_nohash_2|one
aa80f517_nohash_3|one
aa80f517_nohash_4|one
aac5b7c1_nohash_0|one
aac5b7c1_nohash_1|one
ab3f0c1b_nohash_0|one
ab3f0c1b_nohash_1|one
ab3f0c1b_nohash_2|one
ab3f0c1b_nohash_3|one
ab46af55_nohash_0|one
ab46af55_nohash_1|one
ab46af55_nohash_2|one
ab46af55_nohash_3|one
ab46af55_nohash_4|one
ab46af55_nohash_5|one
ab5d7179_nohash_0|one
ab5d7179_nohash_1|one
ab71c9a7_nohash_0|one
ab7b5acd_nohash_0|one
ab81c9c8_nohash_0|one
ab9b93e4_nohash_0|one
ab9b93e4_nohash_1|one
ab9b93e4_nohash_2|one
ab9b93e4_nohash_3|one
ab9b93e4_nohash_4|one
aba19127_nohash_0|one
aba19127_nohash_1|one
aba19127_nohash_2|one
ac9dee0e_nohash_0|one
ac9dee0e_nohash_1|one
ac9dee0e_nohash_2|one
ac9dee0e_nohash_3|one
ac9dee0e_nohash_4|one
ace072ba_nohash_0|one
ace072ba_nohash_1|one
ace072ba_nohash_2|one
ace072ba_nohash_3|one
ace82a68_nohash_0|one
acfd5b5e_nohash_0|one
acfd5b5e_nohash_1|one
acfd5b5e_nohash_2|one
acfd5b5e_nohash_3|one
acfd5b5e_nohash_4|one
ad526ada_nohash_0|one
ad526ada_nohash_1|one
ad63d93c_nohash_0|one
ad63d93c_nohash_1|one
ad63d93c_nohash_2|one
ad63d93c_nohash_3|one
ad63d93c_nohash_4|one
ad6a46f1_nohash_0|one
ad89eb1e_nohash_0|one
ad9de4dd_nohash_0|one
adebe223_nohash_0|one
adebe223_nohash_1|one
adebe223_nohash_2|one
adec6a94_nohash_0|one
ae04cdbe_nohash_0|one
ae71797c_nohash_0|one
ae71797c_nohash_1|one
ae71797c_nohash_2|one
ae71797c_nohash_3|one
ae71797c_nohash_4|one
ae82c78c_nohash_0|one
ae82c78c_nohash_1|one
ae82c78c_nohash_2|one
aeb99b1c_nohash_0|one
aef8dcf5_nohash_0|one
af30314d_nohash_0|one
af405b69_nohash_0|one
af405b69_nohash_1|one
af6fbbf5_nohash_0|one
af6fbbf5_nohash_1|one
af6fbbf5_nohash_2|one
af790082_nohash_0|one
af790082_nohash_1|one
af790082_nohash_2|one
af790082_nohash_3|one
afbec28d_nohash_0|one
afd53389_nohash_0|one
afe0b87d_nohash_0|one
afe0b87d_nohash_1|one
afe0b87d_nohash_2|one
aff582a1_nohash_0|one
aff582a1_nohash_1|one
aff582a1_nohash_2|one
aff582a1_nohash_3|one
aff582a1_nohash_4|one
b00dff7e_nohash_0|one
b00dff7e_nohash_1|one
b06c19b0_nohash_0|one
b089169d_nohash_0|one
b0ae6326_nohash_0|one
b0ae6326_nohash_1|one
b0ae6326_nohash_2|one
b0ae6326_nohash_3|one
b0bad4a9_nohash_0|one
b0f5b16d_nohash_0|one
b0f5b16d_nohash_1|one
b0f5b16d_nohash_2|one
b0f5b16d_nohash_3|one
b0f5b16d_nohash_4|one
b1114e4f_nohash_0|one
b1114e4f_nohash_1|one
b11a05d2_nohash_0|one
b12bef84_nohash_0|one
b17f5ba0_nohash_0|one
b1df80c0_nohash_0|one
b1f8326d_nohash_0|one
b1f8326d_nohash_1|one
b1f8326d_nohash_2|one
b21f0fa4_nohash_0|one
b21f0fa4_nohash_1|one
b21f0fa4_nohash_2|one
b25b6065_nohash_0|one
b25b6065_nohash_1|one
b29f8b23_nohash_0|one
b29f8b23_nohash_1|one
b29f8b23_nohash_2|one
b29f8b23_nohash_3|one
b2ae3928_nohash_0|one
b2ae3928_nohash_1|one
b2ae3928_nohash_2|one
b2ae3928_nohash_3|one
b2ae3928_nohash_4|one
b2fbe484_nohash_0|one
b2fbe484_nohash_1|one
b308773d_nohash_0|one
b308773d_nohash_1|one
b308773d_nohash_2|one
b308773d_nohash_3|one
b308773d_nohash_4|one
b31ad508_nohash_0|one
b31ad508_nohash_1|one
b31ad508_nohash_2|one
b3327675_nohash_0|one
b3849d6e_nohash_0|one
b414c653_nohash_0|one
b414c653_nohash_1|one
b414c653_nohash_2|one
b414c653_nohash_3|one
b414c653_nohash_4|one
b41a92a3_nohash_0|one
b41a92a3_nohash_1|one
b433332a_nohash_0|one
b43c8f2f_nohash_0|one
b43c8f2f_nohash_1|one
b43de700_nohash_0|one
b43de700_nohash_1|one
b43de700_nohash_2|one
b43de700_nohash_3|one
b4604db4_nohash_0|one
b4877f8e_nohash_0|one
b487da60_nohash_0|one
b487da60_nohash_1|one
b49caed3_nohash_0|one
b49caed3_nohash_1|one
b49caed3_nohash_2|one
b49caed3_nohash_3|one
b49caed3_nohash_4|one
b4aa9fef_nohash_0|one
b4aa9fef_nohash_1|one
b4aa9fef_nohash_2|one
b4aa9fef_nohash_3|one
b4aa9fef_nohash_4|one
b4ea0d9a_nohash_0|one
b4ea0d9a_nohash_1|one
b4ea0d9a_nohash_2|one
b4ea0d9a_nohash_3|one
b4ea0d9a_nohash_4|one
b4ea0d9a_nohash_5|one
b4ea0d9a_nohash_6|one
b4ea0d9a_nohash_7|one
b4ea0d9a_nohash_8|one
b528edb3_nohash_0|one
b528edb3_nohash_1|one
b528edb3_nohash_2|one
b528edb3_nohash_3|one
b528edb3_nohash_4|one
b52bd596_nohash_0|one
b544d4fd_nohash_0|one
b544d4fd_nohash_1|one
b5552931_nohash_0|one
b5552931_nohash_1|one
b5552931_nohash_2|one
b5552931_nohash_3|one
b5552931_nohash_4|one
b575b5fb_nohash_0|one
b575b5fb_nohash_1|one
b575b5fb_nohash_2|one
b5935410_nohash_0|one
b59fe16d_nohash_0|one
b5aacf2c_nohash_0|one
b5cf6ea8_nohash_0|one
b5cf6ea8_nohash_1|one
b5cf6ea8_nohash_2|one
b5cf6ea8_nohash_3|one
b5cf6ea8_nohash_4|one
b5cf6ea8_nohash_5|one
b5cf6ea8_nohash_6|one
b5cf6ea8_nohash_7|one
b5cf6ea8_nohash_8|one
b5d1e505_nohash_0|one
b6091c84_nohash_0|one
b6091c84_nohash_1|one
b6091c84_nohash_2|one
b63fea9e_nohash_0|one
b665723d_nohash_0|one
b66f4f93_nohash_0|one
b66f4f93_nohash_1|one
b66f4f93_nohash_2|one
b66f4f93_nohash_3|one
b66f4f93_nohash_4|one
b66f4f93_nohash_5|one
b66f4f93_nohash_6|one
b69002d4_nohash_0|one
b69002d4_nohash_1|one
b69002d4_nohash_2|one
b69002d4_nohash_3|one
b69002d4_nohash_4|one
b69fe0e2_nohash_0|one
b69fe0e2_nohash_1|one
b69fe0e2_nohash_2|one
b69fe0e2_nohash_3|one
b6ebe225_nohash_0|one
b6ebe225_nohash_1|one
b7016c27_nohash_0|one
b71ebf79_nohash_0|one
b71ebf79_nohash_1|one
b76f6088_nohash_0|one
b76f6088_nohash_1|one
b76f6088_nohash_2|one
b76f6088_nohash_3|one
b76f6088_nohash_4|one
b7a0754f_nohash_0|one
b7a6f709_nohash_0|one
b7a6f709_nohash_1|one
b80d6c5e_nohash_0|one
b83c1acf_nohash_0|one
b83c1acf_nohash_1|one
b83c1acf_nohash_2|one
b83c1acf_nohash_3|one
b83c1acf_nohash_4|one
b843de62_nohash_0|one
b84f83d2_nohash_0|one
b87bdb22_nohash_0|one
b87bdb22_nohash_1|one
b87bdb22_nohash_2|one
b87bdb22_nohash_3|one
b87bdb22_nohash_4|one
b8872c20_nohash_0|one
b8874962_nohash_0|one
b8874962_nohash_1|one
b8874962_nohash_2|one
b8874962_nohash_3|one
b8874962_nohash_4|one
b8897f1c_nohash_0|one
b8b8cb52_nohash_0|one
b8b8cb52_nohash_1|one
b91b718c_nohash_0|one
b91b718c_nohash_1|one
b91b718c_nohash_2|one
b91b718c_nohash_3|one
b91b718c_nohash_4|one
b9515bf3_nohash_0|one
b9515bf3_nohash_1|one
b9515bf3_nohash_2|one
b9515bf3_nohash_3|one
b959cd0c_nohash_0|one
b959cd0c_nohash_1|one
b97c9f77_nohash_0|one
b97c9f77_nohash_1|one
b97c9f77_nohash_2|one
b97c9f77_nohash_3|one
b97c9f77_nohash_4|one
b9cccd01_nohash_0|one
b9cccd01_nohash_1|one
b9db6e42_nohash_0|one
b9f46737_nohash_0|one
b9f46737_nohash_1|one
b9f46737_nohash_2|one
b9f46737_nohash_3|one
b9f46737_nohash_4|one
bab36420_nohash_0|one
bab36420_nohash_1|one
bab36420_nohash_2|one
bab36420_nohash_3|one
baeac2ba_nohash_0|one
baf01c1f_nohash_0|one
bb05582b_nohash_0|one
bb05582b_nohash_1|one
bb05582b_nohash_2|one
bb05582b_nohash_3|one
bb05582b_nohash_4|one
bb31b82b_nohash_0|one
bb6d4301_nohash_0|one
bb6d4301_nohash_1|one
bb6d4301_nohash_2|one
bb6d4301_nohash_3|one
bb6d4301_nohash_4|one
bbaa7946_nohash_0|one
bbb2eb5b_nohash_0|one
bbbf4fbd_nohash_0|one
bbbf4fbd_nohash_1|one
bbc30633_nohash_0|one
bbc30633_nohash_1|one
bbc30633_nohash_2|one
bbc30633_nohash_3|one
bbc30633_nohash_4|one
bbd0bbd0_nohash_0|one
bbd0bbd0_nohash_1|one
bbd0bbd0_nohash_2|one
bbd0bbd0_nohash_3|one
bbd0bbd0_nohash_4|one
bbf38549_nohash_0|one
bbf38549_nohash_1|one
bbf38549_nohash_2|one
bbf38549_nohash_3|one
bc196f81_nohash_0|one
bca56796_nohash_0|one
bca56796_nohash_1|one
bcdaa7a9_nohash_0|one
bcf614a2_nohash_0|one
bcf614a2_nohash_1|one
bcf614a2_nohash_2|one
bcf614a2_nohash_3|one
bcf614a2_nohash_4|one
bd11c654_nohash_0|one
bd11c654_nohash_1|one
bd2db1a5_nohash_0|one
bd76a7fd_nohash_0|one
bd76a7fd_nohash_1|one
bd76a7fd_nohash_2|one
bd76a7fd_nohash_3|one
bd76a7fd_nohash_4|one
bd8412df_nohash_0|one
bdb26021_nohash_0|one
bdd22e4d_nohash_0|one
bdd22e4d_nohash_1|one
bdd22e4d_nohash_2|one
bdd22e4d_nohash_3|one
bdd22e4d_nohash_4|one
bde0f20a_nohash_0|one
bde0f20a_nohash_1|one
bde0f20a_nohash_2|one
bde0f20a_nohash_3|one
bdee441c_nohash_0|one
bdee441c_nohash_1|one
bdee441c_nohash_2|one
bdee441c_nohash_3|one
bdee441c_nohash_4|one
be0f2293_nohash_0|one
be7a5b2d_nohash_0|one
be7a5b2d_nohash_1|one
be7a5b2d_nohash_2|one
be7fa0a3_nohash_0|one
be7fa0a3_nohash_1|one
be91a00a_nohash_0|one
be91a00a_nohash_1|one
beb458a4_nohash_0|one
beb458a4_nohash_1|one
beb458a4_nohash_2|one
beb458a4_nohash_3|one
beb458a4_nohash_4|one
beb49c22_nohash_0|one
bed06fac_nohash_0|one
bf5d409d_nohash_0|one
bf5d409d_nohash_1|one
bf70feda_nohash_0|one
bf70feda_nohash_1|one
bf8b8d9e_nohash_0|one
bf8d5617_nohash_0|one
bf90a57a_nohash_0|one
bf90a57a_nohash_1|one
bf90a57a_nohash_2|one
bfa63751_nohash_0|one
bfa63751_nohash_1|one
bfaf2000_nohash_0|one
bfbd0e6b_nohash_0|one
bfbd0e6b_nohash_1|one
bfbd0e6b_nohash_2|one
bfbd0e6b_nohash_3|one
bfd26d6b_nohash_0|one
bfd26d6b_nohash_1|one
bfd26d6b_nohash_2|one
bfd26d6b_nohash_3|one
bfdb9801_nohash_0|one
c0445658_nohash_0|one
c0445658_nohash_1|one
c0445658_nohash_2|one
c0445658_nohash_3|one
c0445658_nohash_4|one
c08585c1_nohash_0|one
c08585c1_nohash_1|one
c08e5058_nohash_0|one
c0c0d87d_nohash_0|one
c0c701f1_nohash_0|one
c0cb43d6_nohash_0|one
c0e0f834_nohash_0|one
c0e3ff37_nohash_0|one
c0e3ff37_nohash_1|one
c0e8f5a1_nohash_0|one
c0e8f5a1_nohash_1|one
c0f8f4df_nohash_0|one
c0fb6812_nohash_0|one
c103a2d5_nohash_0|one
c103a2d5_nohash_1|one
c120e80e_nohash_0|one
c120e80e_nohash_1|one
c120e80e_nohash_2|one
c120e80e_nohash_3|one
c120e80e_nohash_4|one
c120e80e_nohash_5|one
c120e80e_nohash_6|one
c120e80e_nohash_7|one
c137814b_nohash_0|one
c1b7c224_nohash_0|one
c1b7c224_nohash_1|one
c1d39ce8_nohash_0|one
c1d39ce8_nohash_1|one
c1d39ce8_nohash_2|one
c1d39ce8_nohash_3|one
c1d39ce8_nohash_4|one
c1d39ce8_nohash_5|one
c1d39ce8_nohash_6|one
c1d39ce8_nohash_7|one
c1d39ce8_nohash_8|one
c1d39ce8_nohash_9|one
c1e0e8e3_nohash_0|one
c1e0e8e3_nohash_1|one
c1e0e8e3_nohash_2|one
c1e0e8e3_nohash_3|one
c1e0e8e3_nohash_4|one
c1eebc0b_nohash_0|one
c22d3f18_nohash_0|one
c22d3f18_nohash_1|one
c22d3f18_nohash_2|one
c22d3f18_nohash_3|one
c22d3f18_nohash_4|one
c22ebf46_nohash_0|one
c22ebf46_nohash_1|one
c22ebf46_nohash_2|one
c22ebf46_nohash_3|one
c22ebf46_nohash_4|one
c24d96eb_nohash_0|one
c256377f_nohash_0|one
c25a032b_nohash_0|one
c25a032b_nohash_1|one
c2657ba5_nohash_0|one
c2bc4489_nohash_0|one
c2bc4489_nohash_1|one
c2dccf38_nohash_0|one
c2dccf38_nohash_1|one
c2dccf38_nohash_2|one
c2dccf38_nohash_3|one
c2dccf38_nohash_4|one
c33682f0_nohash_0|one
c351e611_nohash_0|one
c351e611_nohash_1|one
c351e611_nohash_2|one
c351e611_nohash_3|one
c351e611_nohash_4|one
c38720cb_nohash_0|one
c392e01d_nohash_0|one
c39703ec_nohash_0|one
c39703ec_nohash_1|one
c39703ec_nohash_2|one
c39703ec_nohash_3|one
c41d9052_nohash_0|one
c41d9052_nohash_1|one
c44d2a58_nohash_0|one
c44d2a58_nohash_1|one
c4500713_nohash_0|one
c4533c47_nohash_0|one
c4533c47_nohash_1|one
c4e00ee9_nohash_0|one
c4e00ee9_nohash_1|one
c4e00ee9_nohash_2|one
c4e00ee9_nohash_3|one
c4e00ee9_nohash_4|one
c50225fa_nohash_0|one
c50f55b8_nohash_0|one
c50f55b8_nohash_1|one
c50f55b8_nohash_10|one
c50f55b8_nohash_11|one
c50f55b8_nohash_2|one
c50f55b8_nohash_3|one
c50f55b8_nohash_4|one
c50f55b8_nohash_5|one
c50f55b8_nohash_6|one
c50f55b8_nohash_7|one
c50f55b8_nohash_8|one
c50f55b8_nohash_9|one
c518d1b1_nohash_0|one
c518d1b1_nohash_1|one
c53b335a_nohash_0|one
c5570933_nohash_0|one
c5a1e46c_nohash_0|one
c5a1e46c_nohash_1|one
c5a1e46c_nohash_2|one
c5a1e46c_nohash_3|one
c5a1e46c_nohash_4|one
c633a455_nohash_0|one
c633a455_nohash_1|one
c634a189_nohash_0|one
c634a189_nohash_1|one
c634a189_nohash_2|one
c634a189_nohash_3|one
c634a189_nohash_4|one
c6389ab0_nohash_0|one
c678e0b3_nohash_0|one
c68cf200_nohash_0|one
c68cf200_nohash_1|one
c692524d_nohash_0|one
c6a23ff5_nohash_0|one
c6ee87a7_nohash_0|one
c6ee87a7_nohash_1|one
c6ee87a7_nohash_2|one
c6ee87a7_nohash_3|one
c6ee87a7_nohash_4|one
c7124b73_nohash_0|one
c71e3acc_nohash_0|one
c741d0df_nohash_0|one
c79159aa_nohash_0|one
c79159aa_nohash_1|one
c79159aa_nohash_2|one
c79159aa_nohash_3|one
c79159aa_nohash_4|one
c7aa72e6_nohash_0|one
c7aaad67_nohash_0|one
c7b4049e_nohash_0|one
c7dc7278_nohash_0|one
c7dc7278_nohash_1|one
c7dc7278_nohash_2|one
c7e02d9c_nohash_0|one
c7f9ffb5_nohash_0|one
c842b5e4_nohash_0|one
c842b5e4_nohash_1|one
c842b5e4_nohash_2|one
c86d4fd4_nohash_0|one
c86d4fd4_nohash_1|one
c8771f88_nohash_0|one
c885a039_nohash_0|one
c8b904e3_nohash_0|one
c8db14a8_nohash_0|one
c9027901_nohash_0|one
c90c0105_nohash_0|one
c93d5e22_nohash_0|one
c93d5e22_nohash_1|one
c93d5e22_nohash_2|one
c93d5e22_nohash_3|one
c93d5e22_nohash_4|one
c948d727_nohash_0|one
c948d727_nohash_1|one
c948d727_nohash_2|one
c948d727_nohash_3|one
c98bbbd3_nohash_0|one
c98bbbd3_nohash_1|one
c98bbbd3_nohash_2|one
c9b5ff26_nohash_0|one
c9b5ff26_nohash_1|one
c9b5ff26_nohash_2|one
c9b5ff26_nohash_3|one
c9b5ff26_nohash_4|one
c9b653a0_nohash_0|one
c9b653a0_nohash_1|one
c9b653a0_nohash_2|one
c9b653a0_nohash_3|one
c9b653a0_nohash_4|one
ca4912b6_nohash_0|one
ca4912b6_nohash_1|one
ca4912b6_nohash_2|one
ca4912b6_nohash_3|one
ca4912b6_nohash_4|one
ca4d5368_nohash_0|one
ca4d5368_nohash_1|one
ca4d5368_nohash_2|one
ca4d5368_nohash_3|one
ca4d5368_nohash_4|one
ca58a8c6_nohash_0|one
ca58a8c6_nohash_1|one
ca5d184c_nohash_0|one
ca6d5cd1_nohash_0|one
caa7feaf_nohash_0|one
cab100c9_nohash_0|one
caedb73a_nohash_0|one
caedb73a_nohash_1|one
caf1803e_nohash_0|one
caf1803e_nohash_1|one
caf9fceb_nohash_0|one
cb164eea_nohash_0|one
cb164eea_nohash_1|one
cb2929ce_nohash_0|one
cb2929ce_nohash_1|one
cb2929ce_nohash_2|one
cb2929ce_nohash_3|one
cb2929ce_nohash_4|one
cb62dbf1_nohash_0|one
cb62dbf1_nohash_1|one
cb62dbf1_nohash_2|one
cb72dfb6_nohash_0|one
cb72dfb6_nohash_1|one
cb72dfb6_nohash_2|one
cb72dfb6_nohash_3|one
cb802c63_nohash_0|one
cc1e9101_nohash_0|one
cc3b5b62_nohash_0|one
cc3b5b62_nohash_1|one
cc3b5b62_nohash_2|one
cc4f9250_nohash_0|one
cc4f9250_nohash_1|one
cc4f9250_nohash_2|one
cc4f9250_nohash_3|one
cc4f9250_nohash_4|one
cc554de3_nohash_0|one
cc592808_nohash_0|one
cc6ee39b_nohash_0|one
cc6ee39b_nohash_1|one
cc6ee39b_nohash_2|one
cc8b3228_nohash_0|one
cc8b3228_nohash_1|one
cc8b3228_nohash_2|one
cc8b3228_nohash_3|one
ccb1266b_nohash_0|one
ccb1266b_nohash_1|one
ccca5655_nohash_0|one
ccca5655_nohash_1|one
ccca5655_nohash_2|one
ccca5655_nohash_3|one
ccca5655_nohash_4|one
ccd324fc_nohash_0|one
ccd324fc_nohash_1|one
cce17a61_nohash_0|one
cce17a61_nohash_1|one
cce17a61_nohash_2|one
cce7416f_nohash_0|one
cce7416f_nohash_1|one
cce7416f_nohash_10|one
cce7416f_nohash_11|one
cce7416f_nohash_2|one
cce7416f_nohash_3|one
cce7416f_nohash_4|one
cce7416f_nohash_5|one
cce7416f_nohash_6|one
cce7416f_nohash_7|one
cce7416f_nohash_8|one
cce7416f_nohash_9|one
ccea893d_nohash_0|one
ccfd721c_nohash_0|one
cd671b5f_nohash_0|one
cd671b5f_nohash_1|one
cd671b5f_nohash_2|one
cd671b5f_nohash_3|one
cd671b5f_nohash_4|one
cd7f8c1b_nohash_0|one
cd7f8c1b_nohash_1|one
cd7f8c1b_nohash_2|one
cd7f8c1b_nohash_3|one
cd7f8c1b_nohash_4|one
cd85758f_nohash_0|one
cd85758f_nohash_1|one
cd85758f_nohash_2|one
cd85758f_nohash_3|one
cd85758f_nohash_4|one
cd8b1781_nohash_0|one
cd8b1781_nohash_1|one
cd911ace_nohash_0|one
cdbd6969_nohash_0|one
cdee383b_nohash_0|one
cdee383b_nohash_1|one
cdee383b_nohash_2|one
cdee383b_nohash_3|one
cdfbbe75_nohash_0|one
ce0cb033_nohash_0|one
ce0cb033_nohash_1|one
ce0cb033_nohash_2|one
ce0cb033_nohash_3|one
ce0cb033_nohash_4|one
ce7a8e92_nohash_0|one
ce7a8e92_nohash_1|one
ce7a8e92_nohash_2|one
ce9410da_nohash_0|one
ce9410da_nohash_1|one
ceaadb24_nohash_0|one
ced4e2a1_nohash_0|one
cee22275_nohash_0|one
ceef6d96_nohash_0|one
ceef6d96_nohash_1|one
ceef6d96_nohash_2|one
ceef6d96_nohash_3|one
ceef6d96_nohash_4|one
cf68fad2_nohash_0|one
cfbedff9_nohash_0|one
cfbedff9_nohash_1|one
cfbedff9_nohash_2|one
cfbedff9_nohash_3|one
cfbedff9_nohash_4|one
cfde27ba_nohash_0|one
d069e6ff_nohash_0|one
d069e6ff_nohash_1|one
d070ea86_nohash_0|one
d070ea86_nohash_1|one
d070ea86_nohash_2|one
d070ea86_nohash_3|one
d070ea86_nohash_4|one
d0858dce_nohash_0|one
d0858dce_nohash_1|one
d0858dce_nohash_2|one
d0f7bef5_nohash_0|one
d0f7bef5_nohash_1|one
d0f7bef5_nohash_2|one
d0faf7e4_nohash_0|one
d0faf7e4_nohash_1|one
d0faf7e4_nohash_2|one
d0faf7e4_nohash_3|one
d0faf7e4_nohash_4|one
d103dd6e_nohash_0|one
d107dc42_nohash_0|one
d1a17cbe_nohash_0|one
d1a17cbe_nohash_1|one
d1a17cbe_nohash_2|one
d1a17cbe_nohash_3|one
d1a17cbe_nohash_4|one
d1a4fb3f_nohash_0|one
d1a4fb3f_nohash_1|one
d1b4694a_nohash_0|one
d1dd03ed_nohash_0|one
d1dd03ed_nohash_1|one
d1dd03ed_nohash_2|one
d1dd03ed_nohash_3|one
d1dd03ed_nohash_4|one
d21fd169_nohash_0|one
d21fd169_nohash_1|one
d21fd169_nohash_2|one
d21fd169_nohash_3|one
d21fd169_nohash_4|one
d264f7b6_nohash_0|one
d264f7b6_nohash_1|one
d264f7b6_nohash_2|one
d278d8ef_nohash_0|one
d278d8ef_nohash_1|one
d278d8ef_nohash_2|one
d278d8ef_nohash_3|one
d278d8ef_nohash_4|one
d2f4f431_nohash_0|one
d31d8dd7_nohash_0|one
d33df435_nohash_0|one
d37e4bf1_nohash_0|one
d37e4bf1_nohash_1|one
d3831f6a_nohash_0|one
d3831f6a_nohash_1|one
d3831f6a_nohash_2|one
d394ef8e_nohash_0|one
d394ef8e_nohash_1|one
d394ef8e_nohash_2|one
d394ef8e_nohash_3|one
d3a18257_nohash_0|one
d3a18257_nohash_1|one
d3c2470e_nohash_0|one
d3f22f0e_nohash_0|one
d3f22f0e_nohash_1|one
d430b3cc_nohash_0|one
d4d898d7_nohash_0|one
d4d898d7_nohash_1|one
d4d898d7_nohash_2|one
d4d898d7_nohash_3|one
d53e25ba_nohash_0|one
d53e25ba_nohash_1|one
d55aa56c_nohash_0|one
d55aa56c_nohash_1|one
d571f9d7_nohash_0|one
d57febf0_nohash_0|one
d5b963aa_nohash_0|one
d5b963aa_nohash_1|one
d5b963aa_nohash_2|one
d5b963aa_nohash_3|one
d5b963aa_nohash_4|one
d5ca80c6_nohash_0|one
d5cdb23e_nohash_0|one
d6360b32_nohash_0|one
d71ad617_nohash_0|one
d71ad617_nohash_1|one
d7559b2d_nohash_0|one
d7559b2d_nohash_1|one
d7559b2d_nohash_2|one
d7a58714_nohash_0|one
d7d733d2_nohash_0|one
d84829e0_nohash_0|one
d84829e0_nohash_1|one
d8521ea0_nohash_0|one
d8521ea0_nohash_1|one
d8a5ace5_nohash_0|one
d8a5ace5_nohash_1|one
d8ed3745_nohash_0|one
d8ee4734_nohash_0|one
d91a159e_nohash_0|one
d926bb17_nohash_0|one
d926bb17_nohash_1|one
d933bf5e_nohash_0|one
d933bf5e_nohash_1|one
d933bf5e_nohash_2|one
d962e5ac_nohash_0|one
d962e5ac_nohash_1|one
d962e5ac_nohash_2|one
d962e5ac_nohash_3|one
d98dd124_nohash_0|one
d98dd124_nohash_1|one
d98dd124_nohash_2|one
d98dd124_nohash_3|one
d98dd124_nohash_4|one
d98f6043_nohash_0|one
d9aa8c90_nohash_0|one
d9aa8c90_nohash_1|one
d9aa8c90_nohash_2|one
d9aa8c90_nohash_3|one
d9aa8c90_nohash_4|one
d9ae8983_nohash_0|one
d9b50b8b_nohash_0|one
d9b8fab2_nohash_0|one
d9b8fab2_nohash_1|one
d9b8fab2_nohash_2|one
d9b8fab2_nohash_3|one
d9d08edd_nohash_0|one
d9d08edd_nohash_1|one
da040491_nohash_0|one
da040491_nohash_1|one
da040491_nohash_2|one
da040491_nohash_3|one
da040491_nohash_4|one
da27460c_nohash_0|one
da27460c_nohash_1|one
da2c5f1b_nohash_0|one
da584bc0_nohash_0|one
da584bc0_nohash_1|one
da584bc0_nohash_2|one
da584bc0_nohash_3|one
da584bc0_nohash_4|one
da5dadb9_nohash_0|one
da7689f1_nohash_0|one
da7689f1_nohash_1|one
da7689f1_nohash_2|one
da76aa58_nohash_0|one
da8fa823_nohash_0|one
da8fa823_nohash_1|one
da8fa823_nohash_2|one
da8fa823_nohash_3|one
da93deb7_nohash_0|one
dabf67d9_nohash_0|one
dac8b7f9_nohash_0|one
dae01802_nohash_0|one
dae01802_nohash_1|one
dae01802_nohash_2|one
dae01802_nohash_3|one
dae01802_nohash_4|one
daf230ac_nohash_0|one
daf230ac_nohash_1|one
db24628d_nohash_0|one
db24628d_nohash_1|one
db24628d_nohash_2|one
db24628d_nohash_3|one
db24628d_nohash_4|one
db43cd03_nohash_0|one
db72a474_nohash_0|one
db8a3397_nohash_0|one
db8a3397_nohash_1|one
db8a3397_nohash_2|one
db8a3397_nohash_3|one
db9cfc88_nohash_0|one
db9cfc88_nohash_1|one
db9d52d2_nohash_0|one
dbaf8fc6_nohash_0|one
dc269564_nohash_0|one
dc269564_nohash_1|one
dc6e9c04_nohash_0|one
dca2797e_nohash_0|one
dca2797e_nohash_1|one
dca2797e_nohash_2|one
dca2797e_nohash_3|one
dca2797e_nohash_4|one
dcb57584_nohash_0|one
dcbfe008_nohash_0|one
dcbfe008_nohash_1|one
dcc012ec_nohash_0|one
dce05676_nohash_0|one
dce5041a_nohash_0|one
dce5041a_nohash_1|one
dd086776_nohash_0|one
dd086776_nohash_1|one
dd664d92_nohash_0|one
dd6c6806_nohash_0|one
ddedba85_nohash_0|one
ddedba85_nohash_1|one
ddedba85_nohash_2|one
ddedba85_nohash_3|one
ddedba85_nohash_4|one
ddedba85_nohash_5|one
ddedba85_nohash_6|one
ddedba85_nohash_7|one
de040337_nohash_0|one
de3fe344_nohash_0|one
de3fe344_nohash_1|one
de3fe344_nohash_2|one
de3fe344_nohash_3|one
de3fe344_nohash_4|one
de4f7798_nohash_0|one
de4f7798_nohash_1|one
de650823_nohash_0|one
de650823_nohash_1|one
de650823_nohash_2|one
de89e2ca_nohash_0|one
de89e2ca_nohash_1|one
de89e2ca_nohash_2|one
de89e2ca_nohash_3|one
de89e2ca_nohash_4|one
de89e2ca_nohash_5|one
dea820ce_nohash_0|one
dea820ce_nohash_1|one
dea820ce_nohash_2|one
dea820ce_nohash_3|one
dec73123_nohash_0|one
df038de4_nohash_0|one
df1d5024_nohash_0|one
df1d5024_nohash_1|one
df1d5024_nohash_2|one
df280250_nohash_0|one
df6bd83f_nohash_0|one
dfb6450b_nohash_0|one
dfdabe19_nohash_0|one
dfdabe19_nohash_1|one
dff327c5_nohash_0|one
e0315cf6_nohash_0|one
e0315cf6_nohash_1|one
e0315cf6_nohash_2|one
e0315cf6_nohash_3|one
e0315cf6_nohash_4|one
e0322f2c_nohash_0|one
e0322f2c_nohash_1|one
e0322f2c_nohash_2|one
e0322f2c_nohash_3|one
e0611c84_nohash_0|one
e0c782d5_nohash_0|one
e0c782d5_nohash_1|one
e0c782d5_nohash_2|one
e0c782d5_nohash_3|one
e0c782d5_nohash_4|one
e0ff1e9c_nohash_0|one
e10e2cbb_nohash_0|one
e10e2cbb_nohash_1|one
e10e2cbb_nohash_2|one
e11fbc6e_nohash_0|one
e11fbc6e_nohash_1|one
e11fbc6e_nohash_2|one
e11fbc6e_nohash_3|one
e11fbc6e_nohash_4|one
e1469561_nohash_0|one
e1469561_nohash_1|one
e1469561_nohash_2|one
e1469561_nohash_3|one
e1469561_nohash_4|one
e1aa22e4_nohash_0|one
e1aa22e4_nohash_1|one
e1acea44_nohash_0|one
e2008f39_nohash_0|one
e20be42a_nohash_0|one
e2286c18_nohash_0|one
e269bac0_nohash_0|one
e269bac0_nohash_1|one
e2b7d6d6_nohash_0|one
e32ff49d_nohash_0|one
e32ff49d_nohash_1|one
e3411931_nohash_0|one
e3411931_nohash_1|one
e3411931_nohash_2|one
e39a8ddc_nohash_0|one
e39a8ddc_nohash_1|one
e3e0f145_nohash_0|one
e3e0f145_nohash_1|one
e3e49931_nohash_0|one
e3e49931_nohash_1|one
e41a903b_nohash_0|one
e41a903b_nohash_1|one
e41a903b_nohash_2|one
e41a903b_nohash_3|one
e41a903b_nohash_4|one
e4200516_nohash_0|one
e4200516_nohash_1|one
e4200516_nohash_2|one
e4200516_nohash_3|one
e48a80ed_nohash_0|one
e48a80ed_nohash_1|one
e49428d9_nohash_0|one
e49428d9_nohash_1|one
e49428d9_nohash_2|one
e49428d9_nohash_3|one
e4a2cf79_nohash_0|one
e4be0cf6_nohash_0|one
e4be0cf6_nohash_1|one
e4be0cf6_nohash_2|one
e4be0cf6_nohash_3|one
e4be0cf6_nohash_4|one
e53139ad_nohash_0|one
e53139ad_nohash_1|one
e53139ad_nohash_2|one
e53139ad_nohash_3|one
e53139ad_nohash_4|one
e54a0f16_nohash_0|one
e54a0f16_nohash_1|one
e54a0f16_nohash_2|one
e54a0f16_nohash_3|one
e57d35bc_nohash_0|one
e5afa9b0_nohash_0|one
e5c48e53_nohash_0|one
e62056e2_nohash_0|one
e6327279_nohash_0|one
e6327279_nohash_1|one
e6327279_nohash_2|one
e6327279_nohash_3|one
e6327279_nohash_4|one
e63b69c5_nohash_0|one
e63b7bf7_nohash_0|one
e6515415_nohash_0|one
e652590d_nohash_0|one
e6be0830_nohash_0|one
e6db3894_nohash_0|one
e6e29c47_nohash_0|one
e6e29c47_nohash_1|one
e7117d00_nohash_0|one
e71a9381_nohash_0|one
e71a9381_nohash_1|one
e71a9381_nohash_2|one
e71a9381_nohash_3|one
e71a9381_nohash_4|one
e71b4ce6_nohash_0|one
e71b4ce6_nohash_1|one
e7334395_nohash_0|one
e76dd1ce_nohash_0|one
e76dd1ce_nohash_1|one
e77d88fc_nohash_0|one
e77d88fc_nohash_1|one
e7bcee8a_nohash_0|one
e7ea8b76_nohash_0|one
e7ea8b76_nohash_1|one
e7ea8b76_nohash_2|one
e7ea8b76_nohash_3|one
e7ebf59c_nohash_0|one
e7ebf59c_nohash_1|one
e805a617_nohash_0|one
e82914c0_nohash_0|one
e882abb2_nohash_0|one
e882abb2_nohash_1|one
e882abb2_nohash_2|one
e882abb2_nohash_3|one
e882abb2_nohash_4|one
e8c3c5ca_nohash_0|one
e8c3c5ca_nohash_1|one
e8e960fd_nohash_0|one
e8e960fd_nohash_1|one
e9287461_nohash_0|one
e98cb283_nohash_0|one
e98cb283_nohash_1|one
e9901cf0_nohash_0|one
e99d36c8_nohash_0|one
e99d36c8_nohash_1|one
e9abfe31_nohash_0|one
e9abfe31_nohash_1|one
e9abfe31_nohash_2|one
e9abfe31_nohash_3|one
e9abfe31_nohash_4|one
e9abfe31_nohash_5|one
e9bc5cc2_nohash_0|one
e9bc5cc2_nohash_1|one
e9bc5cc2_nohash_2|one
e9e07a2d_nohash_0|one
ea0cf37f_nohash_0|one
ea0cf37f_nohash_1|one
ea0cf37f_nohash_2|one
ea0cf37f_nohash_3|one
ea7ca285_nohash_0|one
ea7ca285_nohash_1|one
ea9f8e11_nohash_0|one
ea9f8e11_nohash_1|one
eaa83485_nohash_0|one
eaa83485_nohash_1|one
eaa83485_nohash_2|one
eaa83485_nohash_3|one
eaa83485_nohash_4|one
ead2934a_nohash_0|one
ead2934a_nohash_1|one
ead2934a_nohash_2|one
ead2934a_nohash_3|one
eb0676ec_nohash_0|one
eb0676ec_nohash_1|one
eb0676ec_nohash_2|one
eb0676ec_nohash_3|one
eb0676ec_nohash_4|one
eb0857c0_nohash_0|one
eb3f7d82_nohash_0|one
eb3f7d82_nohash_1|one
eb3f7d82_nohash_2|one
eb3f7d82_nohash_3|one
eb3f7d82_nohash_4|one
eb6dab4a_nohash_0|one
eb76bc68_nohash_0|one
eb76bc68_nohash_1|one
ebdd0f59_nohash_0|one
ec201020_nohash_0|one
ec201020_nohash_1|one
ec201020_nohash_2|one
ec201020_nohash_3|one
ec201020_nohash_4|one
ec21c46b_nohash_0|one
ec32860c_nohash_0|one
ec545975_nohash_0|one
ec5ab5d5_nohash_0|one
ec989d6d_nohash_0|one
ec989d6d_nohash_1|one
ec989d6d_nohash_2|one
ec989d6d_nohash_3|one
ec989d6d_nohash_4|one
ec9b830b_nohash_0|one
ece1a95a_nohash_0|one
ece1a95a_nohash_1|one
ece1a95a_nohash_2|one
ed032775_nohash_0|one
ed032775_nohash_1|one
ed032775_nohash_2|one
ed032775_nohash_3|one
ed3c2d05_nohash_0|one
eda072b5_nohash_0|one
edd8bfe3_nohash_0|one
ede2f4ee_nohash_0|one
ede2f4ee_nohash_1|one
ee07dcb9_nohash_0|one
ee1d8d49_nohash_0|one
ee1d8d49_nohash_1|one
ee1d8d49_nohash_2|one
ee1d8d49_nohash_3|one
ee1d8d49_nohash_4|one
ee202358_nohash_0|one
ee23b031_nohash_0|one
ee4a907f_nohash_0|one
eeaf97c3_nohash_0|one
eeaf97c3_nohash_1|one
eeaf97c3_nohash_2|one
eeaf97c3_nohash_3|one
eeaf97c3_nohash_4|one
eee5e541_nohash_0|one
eefd26f3_nohash_0|one
ef3367d9_nohash_0|one
ef3367d9_nohash_1|one
ef3367d9_nohash_2|one
ef3367d9_nohash_3|one
ef3367d9_nohash_4|one
ef3367d9_nohash_5|one
ef3367d9_nohash_6|one
ef3367d9_nohash_7|one
ef77b778_nohash_0|one
ef77b778_nohash_1|one
ef77b778_nohash_2|one
ef77b778_nohash_3|one
ef77b778_nohash_4|one
efbb27a6_nohash_0|one
efbc3952_nohash_0|one
f00180d0_nohash_0|one
f01a0d63_nohash_0|one
f01a0d63_nohash_1|one
f01a0d63_nohash_2|one
f01a0d63_nohash_3|one
f01a0d63_nohash_4|one
f035e2ea_nohash_0|one
f035e2ea_nohash_1|one
f035e2ea_nohash_2|one
f035e2ea_nohash_3|one
f035e2ea_nohash_4|one
f0522ff4_nohash_0|one
f0522ff4_nohash_1|one
f0522ff4_nohash_2|one
f0522ff4_nohash_3|one
f0522ff4_nohash_4|one
f06190c1_nohash_0|one
f06190c1_nohash_1|one
f0659908_nohash_0|one
f0659908_nohash_1|one
f0659908_nohash_2|one
f0659908_nohash_3|one
f0659908_nohash_4|one
f0ac2522_nohash_0|one
f0ebef1b_nohash_0|one
f0ebef1b_nohash_1|one
f104f742_nohash_0|one
f15a354c_nohash_0|one
f174517e_nohash_0|one
f19279c4_nohash_0|one
f19279c4_nohash_1|one
f19c1390_nohash_0|one
f19c1390_nohash_1|one
f19c1390_nohash_2|one
f19c1390_nohash_3|one
f19d1738_nohash_0|one
f19d1738_nohash_1|one
f19d1738_nohash_2|one
f1d36c53_nohash_0|one
f1d8a638_nohash_0|one
f1d8a638_nohash_1|one
f216055e_nohash_0|one
f21893dc_nohash_0|one
f21893dc_nohash_1|one
f2898d06_nohash_0|one
f2898d06_nohash_1|one
f2898d06_nohash_2|one
f2898d06_nohash_3|one
f2898d06_nohash_4|one
f292725f_nohash_0|one
f297e878_nohash_0|one
f297e878_nohash_1|one
f2a90886_nohash_0|one
f2dd248e_nohash_0|one
f2e59fea_nohash_0|one
f2e59fea_nohash_1|one
f2e59fea_nohash_2|one
f2e59fea_nohash_3|one
f2e59fea_nohash_4|one
f2e9b610_nohash_0|one
f2e9b610_nohash_1|one
f2e9b610_nohash_2|one
f2e9b610_nohash_3|one
f2e9b610_nohash_4|one
f2f0d244_nohash_0|one
f2f0d244_nohash_1|one
f2f0d244_nohash_2|one
f2f0d244_nohash_3|one
f2f0d244_nohash_4|one
f30285c8_nohash_0|one
f30285c8_nohash_1|one
f30285c8_nohash_2|one
f30285c8_nohash_3|one
f3210686_nohash_0|one
f33660af_nohash_0|one
f33660af_nohash_1|one
f35eedd7_nohash_0|one
f35eedd7_nohash_1|one
f3957e23_nohash_0|one
f3957e23_nohash_1|one
f3cee168_nohash_0|one
f3cee168_nohash_1|one
f3d06008_nohash_0|one
f42e234b_nohash_0|one
f42e234b_nohash_1|one
f4504600_nohash_0|one
f4504600_nohash_1|one
f4f59743_nohash_0|one
f5341341_nohash_0|one
f5341341_nohash_1|one
f5341341_nohash_2|one
f5341341_nohash_3|one
f5496439_nohash_0|one
f550b7dc_nohash_0|one
f550b7dc_nohash_1|one
f5626af6_nohash_0|one
f5626af6_nohash_1|one
f5626af6_nohash_2|one
f5626af6_nohash_3|one
f568162b_nohash_0|one
f568162b_nohash_1|one
f568162b_nohash_2|one
f568162b_nohash_3|one
f568162b_nohash_4|one
f5733968_nohash_0|one
f5733968_nohash_1|one
f5733968_nohash_2|one
f5733968_nohash_3|one
f5733968_nohash_4|one
f575faf3_nohash_0|one
f575faf3_nohash_1|one
f575faf3_nohash_2|one
f575faf3_nohash_3|one
f59d0771_nohash_0|one
f5c3de1b_nohash_0|one
f5e44d34_nohash_0|one
f5e44d34_nohash_1|one
f618568f_nohash_0|one
f638a812_nohash_0|one
f6581345_nohash_0|one
f6581345_nohash_1|one
f68160c0_nohash_0|one
f68160c0_nohash_1|one
f68160c0_nohash_2|one
f68160c0_nohash_3|one
f68160c0_nohash_4|one
f736ab63_nohash_0|one
f736ab63_nohash_1|one
f736ab63_nohash_2|one
f798ac78_nohash_0|one
f798ac78_nohash_1|one
f798ac78_nohash_2|one
f798ac78_nohash_3|one
f7b43563_nohash_0|one
f804cbb3_nohash_0|one
f810e799_nohash_0|one
f810e799_nohash_1|one
f822b9bf_nohash_0|one
f822b9bf_nohash_1|one
f822b9bf_nohash_2|one
f822b9bf_nohash_3|one
f822b9bf_nohash_4|one
f839238a_nohash_0|one
f839238a_nohash_1|one
f864cd4a_nohash_0|one
f864cd4a_nohash_1|one
f864cd4a_nohash_2|one
f864cd4a_nohash_3|one
f875f965_nohash_0|one
f88f97a7_nohash_0|one
f8ad3941_nohash_0|one
f8ba7c0e_nohash_0|one
f8ba7c0e_nohash_1|one
f8ba7c0e_nohash_2|one
f8ba7c0e_nohash_3|one
f8f60f59_nohash_0|one
f8f60f59_nohash_1|one
f9273a21_nohash_0|one
f953e1af_nohash_0|one
f953e1af_nohash_1|one
f953e1af_nohash_2|one
f953e1af_nohash_3|one
f953e1af_nohash_4|one
f9643d42_nohash_0|one
f9643d42_nohash_1|one
f9643d42_nohash_2|one
f9643d42_nohash_3|one
f9643d42_nohash_4|one
f9af0887_nohash_0|one
f9af823e_nohash_0|one
f9f9751d_nohash_0|one
fa446c16_nohash_0|one
fa44fcf5_nohash_0|one
fa52ddf6_nohash_0|one
fa52ddf6_nohash_1|one
fa52ddf6_nohash_2|one
fa52ddf6_nohash_3|one
fa57ab3b_nohash_0|one
fa57ab3b_nohash_1|one
fa57ab3b_nohash_2|one
fa57ab3b_nohash_3|one
fa57ab3b_nohash_4|one
fa70c187_nohash_0|one
fac74f6a_nohash_0|one
fac7deca_nohash_0|one
fb01a182_nohash_0|one
fb01a182_nohash_1|one
fb24c826_nohash_0|one
fb24c826_nohash_1|one
fb7008b0_nohash_0|one
fb727898_nohash_0|one
fb727898_nohash_1|one
fb727898_nohash_2|one
fb727898_nohash_3|one
fb727898_nohash_4|one
fb7c9b3b_nohash_0|one
fb7c9b3b_nohash_1|one
fb7eb481_nohash_0|one
fb7eb481_nohash_1|one
fb7eb481_nohash_2|one
fb7eb481_nohash_3|one
fb7eb481_nohash_4|one
fb8c31a9_nohash_0|one
fb8c31a9_nohash_1|one
fb8c31a9_nohash_2|one
fb8c31a9_nohash_3|one
fb8c31a9_nohash_4|one
fb9d6d23_nohash_0|one
fb9d6d23_nohash_1|one
fbb2f6cc_nohash_0|one
fbb2f6cc_nohash_1|one
fbb2f6cc_nohash_2|one
fbb2f6cc_nohash_3|one
fbb2f6cc_nohash_4|one
fbb56351_nohash_0|one
fbb56351_nohash_1|one
fbb56351_nohash_2|one
fbb56351_nohash_3|one
fbdc07bb_nohash_0|one
fbdc07bb_nohash_1|one
fc2411fe_nohash_0|one
fc2411fe_nohash_1|one
fc2411fe_nohash_2|one
fc28c8d8_nohash_0|one
fc3ba625_nohash_0|one
fc3ba625_nohash_1|one
fc3ba625_nohash_2|one
fcb25a78_nohash_0|one
fd5ccd39_nohash_0|one
fd5ccd39_nohash_1|one
fd5ccd39_nohash_2|one
fd5ccd39_nohash_3|one
fd5ccd39_nohash_4|one
fd9c7413_nohash_0|one
fda46b78_nohash_0|one
fda46b78_nohash_1|one
fda46b78_nohash_2|one
fda46b78_nohash_3|one
fda46b78_nohash_4|one
fdb5155e_nohash_0|one
fdb5155e_nohash_1|one
fdb5155e_nohash_2|one
fe11e258_nohash_0|one
fe11e258_nohash_1|one
fe1916ba_nohash_0|one
fe31cb13_nohash_0|one
fe31cb13_nohash_1|one
ff0e27c3_nohash_0|one
ff2b842e_nohash_0|one
ff2b842e_nohash_1|one
ff2b842e_nohash_2|one
ff2b842e_nohash_3|one
ff2b842e_nohash_4|one
ff4ed4f3_nohash_0|one
ff4ed4f3_nohash_1|one
ff4ed4f3_nohash_2|one
ff63ab0b_nohash_0|one
ff63ab0b_nohash_1|one
ffa76c4a_nohash_0|one
ffbb695d_nohash_0|one
ffbb695d_nohash_1|one
ffd2ba2f_nohash_0|one
ffd2ba2f_nohash_1|one
ffd2ba2f_nohash_2|one
ffd2ba2f_nohash_3|one
